[
  {
    "id": 1,
    "url": "auto",
    "libelle": "Auto",
    "meta_title": "Voitures Occasion Tunisie : Annonces Auto Vérifiées | Ichri.net",
    "meta_description": "Trouvez votre voiture occasion parmi des milliers d'annonces auto en Tunisie. Peugeot, Renault, Volkswagen, BMW : comparez les prix et contactez les vendeurs directement. Publiez gratuitement votre annonce.",
    "h1": "Achetez ou Vendez Votre Voiture en Tunisie",
    "h2": "Des Milliers de Véhicules à Prix Négociables",
    "text_top": "Vous cherchez une voiture occasion fiable en Tunisie ? Ichri.net rassemble les meilleures offres de particuliers et professionnels : berlines, citadines, SUV et utilitaires. Filtrez par marque, budget ou gouvernorat pour trouver le véhicule adapté à vos besoins. Chaque annonce inclut photos, kilométrage et coordonnées du vendeur.",
    "text_bottom": "Comment bien acheter une voiture d'occasion en Tunisie ? Vérifiez toujours les documents (carte grise, visite technique) et inspectez le véhicule avant achat. Sur Ichri.net, vous pouvez contacter directement le vendeur pour négocier le prix sans intermédiaire. Les marques les plus recherchées : Peugeot 208, Renault Clio, Volkswagen Golf, Mercedes Classe C et BMW Série 3.",
    "keywords": "voiture occasion tunisie, vente auto particulier, acheter voiture pas cher, peugeot occasion, voiture diesel tunisie, 4x4 occasion"
  },
  {
    "id": 2,
    "url": "moto",
    "libelle": "Moto",
    "meta_title": "Moto Occasion Tunisie : Scooters et 2 Roues Pas Chers | Ichri.net",
    "meta_description": "Achetez votre moto ou scooter d'occasion en Tunisie au meilleur prix. Mobylettes, Vespa, motos sport : des centaines d'annonces avec prix et photos. Contactez les vendeurs maintenant.",
    "h1": "Motos et Scooters d'Occasion en Tunisie",
    "h2": "Deux Roues pour Tous les Budgets",
    "text_top": "De la mobylette économique à la moto sport, trouvez votre deux roues idéal sur Ichri.net. Nos annonces incluent scooters 50cc, motos 125cc et cylindrées supérieures. Comparez les offres de particuliers tunisiens : Yamaha, Piaggio, Vespa, Sym et autres marques disponibles dans tous les gouvernorats.",
    "text_bottom": "Quel deux roues choisir selon votre usage ? Pour les trajets urbains, un scooter 50cc ou 125cc offre praticité et économie de carburant. Les amateurs de sensations préféreront une moto roadster ou sportive. Pensez à vérifier l'état des pneus, freins et la date de la dernière révision avant tout achat.",
    "keywords": "moto occasion tunisie, scooter pas cher, mobylette vendre, vespa tunisie, moto 125 occasion, deux roues particulier"
  },
  {
    "id": 3,
    "url": "immobilier",
    "libelle": "Immobilier",
    "meta_title": "Immobilier Tunisie : Vente et Location Maisons, Appartements | Ichri.net",
    "meta_description": "Annonces immobilières en Tunisie : maisons, villas, appartements et terrains. Achat, vente ou location entre particuliers sans frais d'agence. Explorez les offres dans votre région.",
    "h1": "Annonces Immobilières en Tunisie",
    "h2": "Maisons, Villas et Appartements Sans Commission",
    "text_top": "Trouvez votre bien immobilier en Tunisie directement auprès des propriétaires. Ichri.net propose des annonces de vente et location : appartements S+1 à S+4, villas avec jardin, maisons traditionnelles et terrains constructibles. Recherchez par ville, surface ou budget pour identifier les opportunités qui correspondent à votre projet.",
    "text_bottom": "Acheter ou louer sans passer par une agence immobilière permet d'économiser les frais de commission. Sur Ichri.net, les propriétaires publient leurs biens avec description détaillée, photos et prix. Que vous cherchiez à Tunis, Sousse, Sfax ou dans les zones touristiques comme Hammamet, consultez régulièrement les nouvelles annonces pour ne pas manquer les bonnes affaires.",
    "keywords": "immobilier tunisie, maison vendre, appartement louer tunis, villa tunisie, terrain constructible, location particulier"
  },
  {
    "id": 4,
    "url": "informatique",
    "libelle": "Informatique",
    "meta_title": "PC et Ordinateurs Occasion Tunisie : Portables et Composants | Ichri.net",
    "meta_description": "Achetez PC portables, ordinateurs de bureau et composants informatiques d'occasion en Tunisie. Matériel testé à prix réduit. Trouvez votre équipement et économisez.",
    "h1": "Matériel Informatique d'Occasion en Tunisie",
    "h2": "Ordinateurs et Composants à Prix Réduit",
    "text_top": "Besoin d'un PC portable pour le travail ou les études ? Ichri.net propose du matériel informatique d'occasion vérifié : laptops HP, Dell, Lenovo, ordinateurs de bureau, écrans, claviers et composants (RAM, SSD, cartes graphiques). Achetez directement à des particuliers tunisiens et économisez jusqu'à 50% par rapport au neuf.",
    "text_bottom": "Quels critères vérifier avant d'acheter un PC d'occasion ? Contrôlez l'autonomie de la batterie pour les portables, l'état de l'écran (pixels morts) et demandez les spécifications exactes : processeur, mémoire RAM et capacité de stockage. Les vendeurs sur Ichri.net indiquent généralement ces informations dans leurs annonces.",
    "keywords": "pc portable occasion tunisie, ordinateur pas cher, laptop dell occasion, composants informatique, écran moniteur, matériel gaming tunisie"
  },
  {
    "id": 5,
    "url": "gsm",
    "libelle": "GSM",
    "meta_title": "Téléphones Occasion Tunisie : iPhone, Samsung, Xiaomi | Ichri.net",
    "meta_description": "Smartphones d'occasion à vendre en Tunisie : iPhone, Samsung Galaxy, Xiaomi, Oppo. Comparez les prix entre particuliers et trouvez votre téléphone au meilleur tarif.",
    "h1": "Smartphones et Téléphones d'Occasion en Tunisie",
    "h2": "iPhone, Android et Accessoires GSM",
    "text_top": "Trouvez votre prochain smartphone au meilleur prix sur Ichri.net. Des centaines d'annonces de téléphones d'occasion : iPhone (12, 13, 14, 15), Samsung Galaxy, Xiaomi Redmi, Oppo et Huawei. Chaque vendeur particulier affiche l'état du téléphone, la capacité de stockage et le prix négociable.",
    "text_bottom": "Comment acheter un téléphone d'occasion en toute sécurité ? Demandez à voir le téléphone fonctionner : testez l'écran tactile, les boutons, l'appareil photo et vérifiez l'état de la batterie. Assurez-vous que l'appareil n'est pas bloqué (iCloud pour iPhone, compte Google pour Android). Sur Ichri.net, préférez les vendeurs qui fournissent la boîte d'origine et les accessoires.",
    "keywords": "iphone occasion tunisie, samsung galaxy vendre, smartphone pas cher, xiaomi tunisie, téléphone portable occasion, gsm particulier"
  },
  {
    "id": 6,
    "url": "cours",
    "libelle": "Cours particuliers",
    "meta_title": "Cours Particuliers Tunisie : Profs Maths, Français, Anglais | Ichri.net",
    "meta_description": "Trouvez un professeur particulier en Tunisie pour maths, physique, français ou anglais. Cours à domicile ou en ligne pour tous niveaux : primaire au bac. Contactez un prof près de chez vous.",
    "h1": "Cours Particuliers et Soutien Scolaire en Tunisie",
    "h2": "Professeurs Qualifiés du Primaire au Baccalauréat",
    "text_top": "Votre enfant a besoin d'un coup de pouce scolaire ? Ichri.net met en relation élèves et professeurs particuliers dans toute la Tunisie. Trouvez un prof de mathématiques, physique-chimie, français, anglais ou informatique. Cours à domicile ou en visio, tarifs et disponibilités affichés clairement par chaque enseignant.",
    "text_bottom": "Quel est le meilleur moment pour prendre des cours particuliers ? N'attendez pas les difficultés : un accompagnement régulier permet de consolider les acquis et préparer sereinement les examens. Sur Ichri.net, les professeurs précisent leur expérience, leurs spécialités et leur zone d'intervention. Comparez les profils pour trouver l'enseignant adapté au niveau et aux besoins de votre enfant.",
    "keywords": "cours particuliers tunisie, prof maths tunis, soutien scolaire, cours anglais, préparation bac, professeur domicile"
  },
  {
    "id": 7,
    "url": "colocation",
    "libelle": "Colocation",
    "meta_title": "Colocation Tunisie : Chambres et Appartements à Partager | Ichri.net",
    "meta_description": "Annonces de colocation en Tunisie pour étudiants et jeunes actifs. Trouvez une chambre à louer ou un colocataire pour partager votre appartement. Économisez sur votre loyer.",
    "h1": "Colocation et Chambres à Louer en Tunisie",
    "h2": "Partagez Votre Logement et Vos Frais",
    "text_top": "La colocation est la solution idéale pour réduire vos dépenses de logement. Ichri.net propose des annonces de chambres à louer et de recherche de colocataires à Tunis, Sousse, Sfax et dans les villes universitaires. Étudiants ou jeunes professionnels : trouvez un logement abordable avec des colocataires compatibles.",
    "text_bottom": "Comment réussir sa colocation ? Définissez clairement les règles de vie commune dès le départ : partage des charges, ménage, invités. Avant de vous engager, visitez le logement et rencontrez vos futurs colocataires. Les annonces sur Ichri.net précisent le loyer par personne, les charges incluses et le profil recherché (fumeur/non-fumeur, étudiant/actif).",
    "keywords": "colocation tunisie, chambre louer tunis, colocataire étudiant, appartement partager, location chambre, coloc sousse"
  },
  {
    "id": 8,
    "url": "emploi",
    "libelle": "Emploi",
    "meta_title": "Offres d'Emploi Tunisie : Recrutement et Candidatures | Ichri.net",
    "meta_description": "Consultez les offres d'emploi en Tunisie et postulez directement. Entreprises et particuliers recrutent : CDI, CDD, stages et missions freelance. Publiez votre annonce gratuitement.",
    "h1": "Offres d'Emploi et Recrutement en Tunisie",
    "h2": "Trouvez Votre Prochain Poste ou Recrutez",
    "text_top": "Vous recherchez un emploi en Tunisie ou souhaitez recruter des collaborateurs ? Ichri.net centralise les offres de travail : postes en CDI, CDD, stages et missions ponctuelles. Parcourez les annonces par secteur d'activité (commerce, informatique, industrie, services) et par région pour identifier les opportunités qui correspondent à votre profil.",
    "text_bottom": "Conseils pour décrocher un emploi : personnalisez votre candidature pour chaque offre et mettez en avant vos compétences clés dès les premières lignes. Les recruteurs sur Ichri.net apprécient les candidats réactifs et professionnels. Si vous êtes employeur, décrivez précisément le poste et les qualifications requises pour recevoir des candidatures pertinentes.",
    "keywords": "emploi tunisie, offre travail, recrutement tunis, job étudiant, stage entreprise, chercher emploi"
  },
  {
    "id": 9,
    "url": "services",
    "libelle": "Services",
    "meta_title": "Services et Dépannage Tunisie : Artisans et Professionnels | Ichri.net",
    "meta_description": "Trouvez un artisan en Tunisie : plombier, électricien, peintre, déménageur. Services de dépannage et rénovation dans tous les gouvernorats. Demandez vos devis gratuitement.",
    "h1": "Services et Artisans Professionnels en Tunisie",
    "h2": "Dépannage, Rénovation et Prestations à Domicile",
    "text_top": "Besoin d'un dépannage urgent ou d'un artisan pour vos travaux ? Ichri.net recense les professionnels de confiance : plombiers, électriciens, peintres, menuisiers, climaticiens et déménageurs. Consultez les annonces de services dans votre région, comparez les offres et contactez directement le prestataire pour obtenir un devis.",
    "text_bottom": "Comment choisir un bon artisan ? Privilégiez les professionnels qui détaillent leurs prestations et affichent des tarifs transparents. Demandez plusieurs devis pour comparer et n'hésitez pas à questionner sur les délais d'intervention. Les artisans présents sur Ichri.net interviennent dans tous les gouvernorats de Tunisie pour des services variés : installation, réparation et entretien.",
    "keywords": "plombier tunisie, électricien tunis, dépannage urgence, artisan rénovation, déménagement tunisie, services domicile"
  },
  {
    "id": 10,
    "url": "image-son",
    "libelle": "Image & Son",
    "meta_title": "Appareils Photo et Caméras Occasion Tunisie : Reflex, TV | Ichri.net",
    "meta_description": "Achetez appareils photo reflex, caméras et téléviseurs d'occasion en Tunisie. Canon, Nikon, Sony : matériel audiovisuel de qualité à prix réduit. Explorez nos annonces.",
    "h1": "Matériel Photo, Vidéo et Audio d'Occasion",
    "h2": "Appareils et Équipements Audiovisuels",
    "text_top": "Passionnés de photo ou vidéastes, trouvez votre équipement sur Ichri.net. Annonces d'appareils reflex Canon, Nikon, Sony, caméras vidéo, objectifs, trépieds et téléviseurs. Achetez du matériel d'occasion testé auprès de particuliers tunisiens et économisez sur votre équipement audiovisuel.",
    "text_bottom": "Que vérifier avant d'acheter un appareil photo d'occasion ? Examinez le nombre de déclenchements (compteur de clics), l'état du capteur et des objectifs. Pour les caméras, testez l'enregistrement et la qualité de l'image. Les vendeurs sur Ichri.net fournissent généralement ces informations et acceptent les essais avant achat.",
    "keywords": "appareil photo occasion tunisie, reflex canon nikon, caméra vidéo, téléviseur tv, objectif occasion, matériel photo"
  },
  {
    "id": 11,
    "url": "electromenager",
    "libelle": "Électroménager",
    "meta_title": "Électroménager Occasion Tunisie : Frigo, Machine à Laver | Ichri.net",
    "meta_description": "Achetez électroménager d'occasion en Tunisie : réfrigérateurs, machines à laver, fours, climatiseurs. Appareils testés à petits prix. Consultez nos annonces maintenant.",
    "h1": "Électroménager d'Occasion en Tunisie",
    "h2": "Appareils Ménagers à Prix Accessibles",
    "text_top": "Équipez votre maison sans vous ruiner avec l'électroménager d'occasion sur Ichri.net. Réfrigérateurs, congélateurs, machines à laver, sèche-linge, fours et climatiseurs : trouvez des appareils en bon état de fonctionnement vendus par des particuliers. Comparez les prix et négociez directement avec le vendeur.",
    "text_bottom": "Acheter de l'électroménager d'occasion, est-ce fiable ? De nombreux appareils restent performants pendant des années. Demandez l'âge de l'appareil, sa consommation énergétique et la raison de la vente. Testez le fonctionnement sur place si possible. Sur Ichri.net, les vendeurs sérieux précisent l'état et acceptent une démonstration avant la transaction.",
    "keywords": "frigo occasion tunisie, machine laver vendre, électroménager pas cher, réfrigérateur, climatiseur occasion, four cuisinière"
  },
  {
    "id": 12,
    "url": "mode-vetements",
    "libelle": "Mode & Vêtements",
    "meta_title": "Vêtements Occasion Tunisie : Mode Femme et Homme | Ichri.net",
    "meta_description": "Achetez et vendez vêtements d'occasion en Tunisie : robes, chaussures, sacs, habits homme et femme. Mode de qualité à petits prix entre particuliers. Découvrez les offres.",
    "h1": "Mode et Vêtements d'Occasion en Tunisie",
    "h2": "Habits Femme, Homme et Enfant à Prix Doux",
    "text_top": "Renouvelez votre garde-robe sans dépenser une fortune grâce aux vêtements d'occasion sur Ichri.net. Robes de soirée, jeans, vestes, chaussures, sacs à main : trouvez des pièces de qualité vendues par des particuliers tunisiens. Mode femme, homme et enfant disponible dans toutes les tailles.",
    "text_bottom": "Pourquoi acheter des vêtements d'occasion ? C'est économique, écologique et permet d'accéder à des marques de qualité pour une fraction du prix neuf. Vérifiez l'état du vêtement (usure, taches, déchirures) et demandez les mensurations exactes. Sur Ichri.net, beaucoup de vendeurs proposent des articles neufs avec étiquette ou portés une seule fois.",
    "keywords": "vêtements occasion tunisie, robe soirée, chaussures femme, mode homme, vente habits, fripe tunisie"
  },
  {
    "id": 13,
    "url": "artisanat-deco",
    "libelle": "Artisanat & Déco",
    "meta_title": "Artisanat Tunisien et Décoration : Objets Uniques | Ichri.net",
    "meta_description": "Découvrez l'artisanat tunisien et objets de décoration : poterie, tapis, meubles traditionnels. Pièces uniques faites main. Décorez votre intérieur avec authenticité.",
    "h1": "Artisanat Tunisien et Objets de Décoration",
    "h2": "Pièces Authentiques et Créations Artisanales",
    "text_top": "Donnez du caractère à votre intérieur avec l'artisanat tunisien authentique. Ichri.net propose des objets de décoration uniques : poteries de Nabeul, tapis de Kairouan, meubles en bois sculpté, luminaires traditionnels et créations contemporaines. Achetez directement auprès d'artisans et de collectionneurs.",
    "text_bottom": "L'artisanat tunisien reflète des siècles de savoir-faire transmis de génération en génération. Chaque pièce raconte une histoire et apporte une touche d'authenticité à votre décoration. Sur Ichri.net, trouvez des objets anciens à restaurer, des créations modernes inspirées de la tradition et des éléments décoratifs pour tous les styles d'intérieur.",
    "keywords": "artisanat tunisien, décoration intérieur, poterie nabeul, tapis kairouan, meuble traditionnel, objet déco"
  },
  {
    "id": 14,
    "url": "bonnes-affaires",
    "libelle": "Bonnes affaires",
    "meta_title": "Bonnes Affaires Tunisie : Promotions et Destockage | Ichri.net",
    "meta_description": "Les meilleures affaires en Tunisie : lots, déstockage, fin de série et occasions exceptionnelles. Économisez sur vos achats avec des offres à prix cassés.",
    "h1": "Bonnes Affaires et Promotions en Tunisie",
    "h2": "Offres Exceptionnelles et Prix Cassés",
    "text_top": "Chasseurs de bonnes affaires, cette rubrique est pour vous. Ichri.net regroupe les meilleures opportunités : déstockage, fins de série, ventes en lot et occasions à saisir. Particuliers et professionnels proposent des produits variés à prix réduits. Consultez régulièrement pour ne pas manquer les offres éphémères.",
    "text_bottom": "Comment dénicher les vraies bonnes affaires ? Comparez toujours avec les prix du marché pour évaluer la réduction réelle. Les ventes en lot permettent souvent d'obtenir des prix unitaires très avantageux. Sur Ichri.net, les vendeurs motivés acceptent généralement la négociation : n'hésitez pas à faire une proposition raisonnable.",
    "keywords": "bonnes affaires tunisie, déstockage, promotion, lot vendre, occasion pas cher, prix cassé"
  },
  {
    "id": 15,
    "url": "animaux",
    "libelle": "Animaux Tunisie",
    "meta_title": "Animaux de Compagnie Tunisie : Chiens, Chats, Oiseaux | Ichri.net",
    "meta_description": "Annonces d'animaux en Tunisie : chiens, chats, oiseaux et accessoires. Trouvez votre compagnon ou les équipements pour votre animal. Adoptez ou achetez en toute confiance.",
    "h1": "Animaux de Compagnie et Accessoires en Tunisie",
    "h2": "Chiens, Chats, Oiseaux et Équipements",
    "text_top": "Vous souhaitez adopter un animal de compagnie ? Ichri.net propose des annonces de chiens, chats, oiseaux, poissons et autres animaux en Tunisie. Trouvez également tous les accessoires : cages, aquariums, alimentation et jouets. Les annonceurs précisent l'âge, la race et les conditions d'adoption ou de vente.",
    "text_bottom": "Adopter un animal est un engagement sur plusieurs années. Assurez-vous de pouvoir lui offrir l'espace, le temps et les soins nécessaires. Sur Ichri.net, privilégiez les annonces détaillées qui fournissent des informations sur la santé de l'animal (vaccins, vermifuges) et son caractère. N'hésitez pas à poser des questions au vendeur avant de vous décider.",
    "keywords": "animaux tunisie, chien vendre, chat adopter, oiseau perroquet, accessoires animaux, animal compagnie"
  }
]
