[
  {
    "id": 1,
    "libelle": "Tunis",
    "url": "tunis",
    "meta_title": "Annonces Tunis : Immobilier, Voitures, Emploi | ichri.net",
    "meta_description": "Consultez les annonces à Tunis : appartements, maisons, voitures d'occasion, offres d'emploi et services. Publiez gratuitement votre annonce sur ichri.net.",
    "h1": "Annonces à Tunis",
    "h2": "Toutes les petites annonces dans le gouvernorat de Tunis",
    "text_top": "Retrouvez toutes les annonces publiées dans le gouvernorat de Tunis. Parcourez les offres immobilières, les véhicules d'occasion, les opportunités d'emploi et les services proposés par les particuliers et professionnels de la capitale.",
    "text_bottom": "Le gouvernorat de Tunis concentre le plus grand nombre d'annonces en Tunisie. Que vous recherchiez un appartement dans les quartiers du centre-ville, de la Marsa ou des Berges du Lac, ou que vous souhaitiez vendre votre véhicule, ichri.net vous met en relation avec des milliers d'utilisateurs actifs chaque jour.",
    "keywords": "annonces tunis, petites annonces tunis, immobilier tunis, voiture occasion tunis, emploi tunis"
  },
  {
    "id": 2,
    "libelle": "Bizerte",
    "url": "bizerte",
    "meta_title": "Annonces Bizerte : Immobilier, Véhicules, Emploi | ichri.net",
    "meta_description": "Trouvez les meilleures annonces à Bizerte : appartements, maisons, voitures et offres d'emploi. Achetez et vendez facilement sur ichri.net.",
    "h1": "Annonces à Bizerte",
    "h2": "Toutes les petites annonces dans le gouvernorat de Bizerte",
    "text_top": "Découvrez les annonces disponibles dans le gouvernorat de Bizerte. Immobilier, véhicules, emploi, services et articles divers vous attendent dans cette région du Nord tunisien bordée par la Méditerranée.",
    "text_bottom": "Bizerte et ses environs offrent un marché dynamique pour l'immobilier résidentiel et les biens d'occasion. Les délégations de Menzel Bourguiba, Mateur et Ras Jebel comptent également de nombreuses annonces. Publiez gratuitement et touchez les acheteurs de toute la région.",
    "keywords": "annonces bizerte, petites annonces bizerte, immobilier bizerte, voiture occasion bizerte, emploi bizerte"
  },
  {
    "id": 3,
    "libelle": "Ariana",
    "url": "ariana",
    "meta_title": "Annonces Ariana : Appartements, Villas, Services | ichri.net",
    "meta_description": "Parcourez les annonces à l'Ariana : appartements, villas, voitures et services. La banlieue nord de Tunis sur ichri.net.",
    "h1": "Annonces à l'Ariana",
    "h2": "Toutes les petites annonces dans le gouvernorat de l'Ariana",
    "text_top": "Consultez les annonces publiées dans le gouvernorat de l'Ariana. Cette zone résidentielle prisée propose de nombreuses offres immobilières, véhicules d'occasion et services de proximité.",
    "text_bottom": "L'Ariana regroupe des quartiers recherchés comme Ennasr, Riadh El Andalous, Borj Louzir et Soukra. Vous y trouverez des annonces d'appartements, de villas et de locaux commerciaux adaptés à tous les budgets. Déposez votre annonce pour atteindre les habitants de ce gouvernorat en pleine expansion.",
    "keywords": "annonces ariana, petites annonces ariana, appartement ariana, villa ariana, immobilier ennasr"
  },
  {
    "id": 4,
    "libelle": "Mannouba",
    "url": "mannouba",
    "meta_title": "Annonces Manouba : Logements, Véhicules, Emploi | ichri.net",
    "meta_description": "Trouvez les annonces à Manouba : appartements, maisons, voitures et offres d'emploi. Publiez gratuitement sur ichri.net.",
    "h1": "Annonces à la Manouba",
    "h2": "Toutes les petites annonces dans le gouvernorat de la Manouba",
    "text_top": "Explorez les annonces disponibles dans le gouvernorat de la Manouba. Logements, véhicules, matériel et services sont proposés par les habitants de cette région aux portes de Tunis.",
    "text_bottom": "La Manouba attire notamment les étudiants grâce à ses universités. Les délégations de Douar Hicher, Oued Ellil et Tebourba proposent des biens immobiliers à des prix souvent plus accessibles que dans la capitale. Vendeurs et acheteurs se retrouvent sur ichri.net.",
    "keywords": "annonces manouba, petites annonces manouba, appartement manouba, location manouba, immobilier manouba"
  },
  {
    "id": 5,
    "libelle": "Ben-Arous",
    "url": "ben-arous",
    "meta_title": "Annonces Ben Arous : Immobilier, Auto, Emploi | ichri.net",
    "meta_description": "Consultez les annonces à Ben Arous : appartements, véhicules, locaux et offres d'emploi dans la banlieue sud de Tunis. Publiez sur ichri.net.",
    "h1": "Annonces à Ben Arous",
    "h2": "Toutes les petites annonces dans le gouvernorat de Ben Arous",
    "text_top": "Retrouvez les annonces publiées dans le gouvernorat de Ben Arous. Cette zone industrielle et résidentielle du Grand Tunis propose des offres variées en immobilier, véhicules et emploi.",
    "text_bottom": "Ben Arous comprend des zones actives comme Mégrine, Radès, Fouchana et Hammam Lif. Le marché des véhicules utilitaires et des locaux professionnels y est particulièrement dynamique. Particuliers et professionnels publient leurs annonces sur ichri.net pour toucher les acheteurs de la région.",
    "keywords": "annonces ben arous, petites annonces ben arous, immobilier ben arous, voiture occasion ben arous, local commercial ben arous"
  },
  {
    "id": 6,
    "libelle": "Zaghouan",
    "url": "zaghouan",
    "meta_title": "Annonces Zaghouan : Terrains, Maisons, Véhicules | ichri.net",
    "meta_description": "Découvrez les annonces à Zaghouan : terrains, maisons, fermes et véhicules. Achetez et vendez dans ce gouvernorat proche de Tunis.",
    "h1": "Annonces à Zaghouan",
    "h2": "Toutes les petites annonces dans le gouvernorat de Zaghouan",
    "text_top": "Parcourez les annonces disponibles dans le gouvernorat de Zaghouan. Terrains, propriétés rurales, maisons et véhicules sont proposés dans cette région située à une heure de la capitale.",
    "text_bottom": "Zaghouan offre un cadre naturel apprécié avec ses montagnes et ses sources. Les annonces de terrains agricoles et de maisons de campagne y sont fréquentes. Publiez votre bien sur ichri.net pour le rendre visible aux acheteurs intéressés par ce gouvernorat.",
    "keywords": "annonces zaghouan, petites annonces zaghouan, terrain zaghouan, maison zaghouan, ferme zaghouan"
  },
  {
    "id": 7,
    "libelle": "Nabeul",
    "url": "nabeul",
    "meta_title": "Annonces Nabeul : Immobilier, Vacances, Véhicules | ichri.net",
    "meta_description": "Trouvez les annonces à Nabeul et Hammamet : appartements, villas, locations saisonnières et voitures. Le Cap Bon sur ichri.net.",
    "h1": "Annonces à Nabeul",
    "h2": "Toutes les petites annonces dans le gouvernorat de Nabeul",
    "text_top": "Consultez les annonces publiées dans le gouvernorat de Nabeul. Cette région du Cap Bon propose des offres immobilières variées, des locations de vacances et des biens d'occasion.",
    "text_bottom": "Le gouvernorat de Nabeul englobe Hammamet, Kelibia, Korba et de nombreuses stations balnéaires. Les annonces de villas, d'appartements et de locations saisonnières y sont particulièrement recherchées. Vendez ou louez votre bien en le publiant sur ichri.net.",
    "keywords": "annonces nabeul, petites annonces nabeul, appartement hammamet, villa nabeul, location vacances cap bon"
  },
  {
    "id": 8,
    "libelle": "Beja",
    "url": "beja",
    "meta_title": "Annonces Béja : Terrains, Fermes, Véhicules | ichri.net",
    "meta_description": "Parcourez les annonces à Béja : terres agricoles, fermes, maisons et véhicules. Publiez gratuitement sur ichri.net.",
    "h1": "Annonces à Béja",
    "h2": "Toutes les petites annonces dans le gouvernorat de Béja",
    "text_top": "Découvrez les annonces disponibles dans le gouvernorat de Béja. Terres agricoles, fermes, maisons, véhicules et matériel sont proposés dans cette région fertile du Nord-Ouest.",
    "text_bottom": "Béja est connue pour ses plaines céréalières et son activité agricole. Les annonces de terrains, de matériel agricole et de bétail y sont courantes. Publiez votre annonce sur ichri.net pour atteindre les acheteurs du gouvernorat et des régions voisines.",
    "keywords": "annonces beja, petites annonces beja, terre agricole beja, ferme beja, tracteur occasion tunisie"
  },
  {
    "id": 9,
    "libelle": "Jendouba",
    "url": "jendouba",
    "meta_title": "Annonces Jendouba : Immobilier, Terrains, Emploi | ichri.net",
    "meta_description": "Consultez les annonces à Jendouba et Tabarka : maisons, terrains, véhicules et offres d'emploi. Publiez sur ichri.net.",
    "h1": "Annonces à Jendouba",
    "h2": "Toutes les petites annonces dans le gouvernorat de Jendouba",
    "text_top": "Explorez les annonces publiées dans le gouvernorat de Jendouba. Immobilier, terrains, véhicules et services sont disponibles dans cette région frontalière du Nord-Ouest tunisien.",
    "text_bottom": "Le gouvernorat de Jendouba comprend la station balnéaire de Tabarka et la région montagneuse d'Aïn Draham. Les annonces immobilières et les offres de terrains attirent aussi bien les résidents locaux que les acheteurs venus d'autres régions. Déposez votre annonce gratuitement.",
    "keywords": "annonces jendouba, petites annonces jendouba, immobilier tabarka, terrain jendouba, maison ain draham"
  },
  {
    "id": 10,
    "libelle": "Siliana",
    "url": "siliana",
    "meta_title": "Annonces Siliana : Terrains, Élevage, Immobilier | ichri.net",
    "meta_description": "Trouvez les annonces à Siliana : terrains agricoles, bétail, maisons et véhicules. Achetez et vendez sur ichri.net.",
    "h1": "Annonces à Siliana",
    "h2": "Toutes les petites annonces dans le gouvernorat de Siliana",
    "text_top": "Retrouvez les annonces disponibles dans le gouvernorat de Siliana. Terrains, bétail, immobilier et véhicules sont proposés dans cette région du Centre-Nord tunisien.",
    "text_bottom": "Siliana propose des biens immobiliers et fonciers à des prix accessibles comparés aux zones côtières. Les annonces liées à l'élevage et à l'agriculture y sont fréquentes. Publiez sur ichri.net pour vendre vos biens aux acheteurs de la région.",
    "keywords": "annonces siliana, petites annonces siliana, terrain siliana, mouton tunisie, immobilier siliana"
  },
  {
    "id": 11,
    "libelle": "Kef",
    "url": "kef",
    "meta_title": "Annonces Le Kef : Maisons, Terrains, Véhicules | ichri.net",
    "meta_description": "Parcourez les annonces au Kef : maisons, terrains agricoles, véhicules et services. Publiez gratuitement sur ichri.net.",
    "h1": "Annonces au Kef",
    "h2": "Toutes les petites annonces dans le gouvernorat du Kef",
    "text_top": "Consultez les annonces publiées dans le gouvernorat du Kef. Maisons, terrains, véhicules et articles divers sont disponibles dans cette région historique du Nord-Ouest.",
    "text_bottom": "Le Kef offre un marché immobilier accessible avec des maisons traditionnelles et des terrains agricoles. L'autoroute A3 facilite désormais les échanges avec la capitale. Vendeurs et acheteurs se retrouvent sur ichri.net pour leurs transactions.",
    "keywords": "annonces kef, petites annonces kef, maison kef, terrain kef, immobilier kef"
  },
  {
    "id": 12,
    "libelle": "Sousse",
    "url": "sousse",
    "meta_title": "Annonces Sousse : Immobilier, Emploi, Véhicules | ichri.net",
    "meta_description": "Découvrez les annonces à Sousse : appartements, maisons, offres d'emploi et voitures d'occasion. Publiez sur ichri.net.",
    "h1": "Annonces à Sousse",
    "h2": "Toutes les petites annonces dans le gouvernorat de Sousse",
    "text_top": "Parcourez les annonces disponibles dans le gouvernorat de Sousse. Immobilier, emploi, véhicules et services sont proposés dans cette grande métropole du Sahel tunisien.",
    "text_bottom": "Sousse et ses environs comme Kantaoui, Hammam Sousse et Kalaa Kebira regroupent un grand nombre d'annonces. Le marché immobilier et les offres d'emploi y sont particulièrement actifs. Publiez votre annonce sur ichri.net pour toucher les habitants de la troisième ville du pays.",
    "keywords": "annonces sousse, petites annonces sousse, appartement sousse, emploi sousse, voiture occasion sousse"
  },
  {
    "id": 13,
    "libelle": "Monastir",
    "url": "monastir",
    "meta_title": "Annonces Monastir : Appartements, Emploi, Véhicules | ichri.net",
    "meta_description": "Trouvez les annonces à Monastir : immobilier, offres d'emploi, voitures et services. Achetez et vendez sur ichri.net.",
    "h1": "Annonces à Monastir",
    "h2": "Toutes les petites annonces dans le gouvernorat de Monastir",
    "text_top": "Découvrez les annonces publiées dans le gouvernorat de Monastir. Appartements, maisons, offres d'emploi et véhicules sont disponibles dans cette région côtière du Sahel.",
    "text_bottom": "Monastir comprend des zones attractives comme Skanes, Khnis et Sayada. Les annonces immobilières et les offres d'emploi dans le textile et le tourisme y sont nombreuses. Déposez votre annonce gratuitement sur ichri.net.",
    "keywords": "annonces monastir, petites annonces monastir, appartement monastir, emploi monastir, immobilier skanes"
  },
  {
    "id": 14,
    "libelle": "Mahdia",
    "url": "mahdia",
    "meta_title": "Annonces Mahdia : Immobilier, Véhicules, Services | ichri.net",
    "meta_description": "Consultez les annonces à Mahdia : appartements, maisons, voitures et services. Publiez gratuitement sur ichri.net.",
    "h1": "Annonces à Mahdia",
    "h2": "Toutes les petites annonces dans le gouvernorat de Mahdia",
    "text_top": "Explorez les annonces disponibles dans le gouvernorat de Mahdia. Immobilier, véhicules, services et articles divers sont proposés dans cette région côtière du Sahel.",
    "text_bottom": "Mahdia et les délégations environnantes comme Ksour Essef et Chebba offrent des opportunités immobilières souvent plus accessibles que Sousse ou Monastir. Publiez votre annonce sur ichri.net pour atteindre les acheteurs de ce gouvernorat.",
    "keywords": "annonces mahdia, petites annonces mahdia, appartement mahdia, maison mahdia, immobilier mahdia"
  },
  {
    "id": 15,
    "libelle": "Kairouan",
    "url": "kairouan",
    "meta_title": "Annonces Kairouan : Immobilier, Véhicules, Commerce | ichri.net",
    "meta_description": "Parcourez les annonces à Kairouan : maisons, appartements, voitures et commerces. Achetez et vendez sur ichri.net.",
    "h1": "Annonces à Kairouan",
    "h2": "Toutes les petites annonces dans le gouvernorat de Kairouan",
    "text_top": "Retrouvez les annonces publiées dans le gouvernorat de Kairouan. Immobilier, véhicules, commerces et services sont disponibles dans cette région du Centre tunisien.",
    "text_bottom": "Kairouan propose un marché varié avec des annonces immobilières, des véhicules d'occasion et des opportunités commerciales. Les délégations de Sbikha, Hajeb et Nasrallah comptent également des offres intéressantes. Publiez gratuitement sur ichri.net.",
    "keywords": "annonces kairouan, petites annonces kairouan, maison kairouan, voiture occasion kairouan, commerce kairouan"
  },
  {
    "id": 16,
    "libelle": "Kasserine",
    "url": "kasserine",
    "meta_title": "Annonces Kasserine : Terrains, Immobilier, Véhicules | ichri.net",
    "meta_description": "Trouvez les annonces à Kasserine : terrains, maisons, véhicules et services. Publiez gratuitement sur ichri.net.",
    "h1": "Annonces à Kasserine",
    "h2": "Toutes les petites annonces dans le gouvernorat de Kasserine",
    "text_top": "Consultez les annonces disponibles dans le gouvernorat de Kasserine. Terrains, maisons, véhicules et articles divers sont proposés dans cette région du Centre-Ouest tunisien.",
    "text_bottom": "Kasserine offre des prix fonciers et immobiliers parmi les plus accessibles du pays. Les délégations de Sbeitla, Thala et Feriana comptent également des annonces variées. Déposez votre annonce sur ichri.net pour toucher les acheteurs locaux.",
    "keywords": "annonces kasserine, petites annonces kasserine, terrain kasserine, maison kasserine, immobilier kasserine"
  },
  {
    "id": 17,
    "libelle": "Sidi-Bouzid",
    "url": "sidi-bouzid",
    "meta_title": "Annonces Sidi Bouzid : Terrains, Élevage, Véhicules | ichri.net",
    "meta_description": "Découvrez les annonces à Sidi Bouzid : terres agricoles, bétail, véhicules et immobilier. Publiez sur ichri.net.",
    "h1": "Annonces à Sidi Bouzid",
    "h2": "Toutes les petites annonces dans le gouvernorat de Sidi Bouzid",
    "text_top": "Parcourez les annonces publiées dans le gouvernorat de Sidi Bouzid. Terres agricoles, bétail, véhicules et immobilier sont disponibles dans cette région agricole du Centre tunisien.",
    "text_bottom": "Sidi Bouzid est un gouvernorat à vocation agricole où les annonces de terrains, de matériel et de bétail sont fréquentes. Les délégations de Regueb, Meknassy et Menzel Bouzaiane proposent également des offres variées. Vendez et achetez sur ichri.net.",
    "keywords": "annonces sidi bouzid, petites annonces sidi bouzid, terre agricole sidi bouzid, mouton tunisie, tracteur occasion"
  },
  {
    "id": 18,
    "libelle": "Gafsa",
    "url": "gafsa",
    "meta_title": "Annonces Gafsa : Immobilier, Véhicules, Emploi | ichri.net",
    "meta_description": "Consultez les annonces à Gafsa : maisons, appartements, voitures et offres d'emploi. Achetez et vendez sur ichri.net.",
    "h1": "Annonces à Gafsa",
    "h2": "Toutes les petites annonces dans le gouvernorat de Gafsa",
    "text_top": "Explorez les annonces disponibles dans le gouvernorat de Gafsa. Immobilier, véhicules, emploi et services sont proposés dans cette région du Sud-Ouest tunisien.",
    "text_bottom": "Gafsa et ses délégations comme Metlaoui, Redeyef et El Guettar regroupent des annonces variées. Le marché immobilier et les offres d'emploi y sont actifs. Publiez gratuitement votre annonce sur ichri.net pour atteindre les habitants du gouvernorat.",
    "keywords": "annonces gafsa, petites annonces gafsa, maison gafsa, emploi gafsa, voiture occasion gafsa"
  },
  {
    "id": 19,
    "libelle": "Sfax",
    "url": "sfax",
    "meta_title": "Annonces Sfax : Immobilier, Commerce, Véhicules | ichri.net",
    "meta_description": "Trouvez les meilleures annonces à Sfax : appartements, locaux commerciaux, voitures et emploi. Publiez sur ichri.net.",
    "h1": "Annonces à Sfax",
    "h2": "Toutes les petites annonces dans le gouvernorat de Sfax",
    "text_top": "Retrouvez les annonces publiées dans le gouvernorat de Sfax. Immobilier, commerces, véhicules et emploi sont disponibles dans cette grande métropole économique du Sud tunisien.",
    "text_bottom": "Sfax est la deuxième ville du pays avec un marché des annonces très actif. Les quartiers du centre-ville, Sakiet Ezzit, Thyna et les zones industrielles proposent de nombreuses offres. Publiez votre annonce sur ichri.net pour toucher les acheteurs sfaxiens.",
    "keywords": "annonces sfax, petites annonces sfax, appartement sfax, local commercial sfax, voiture occasion sfax"
  },
  {
    "id": 20,
    "libelle": "Tozeur",
    "url": "tozeur",
    "meta_title": "Annonces Tozeur : Immobilier, Terrains, Véhicules | ichri.net",
    "meta_description": "Parcourez les annonces à Tozeur : maisons, terrains, véhicules et services. Achetez et vendez sur ichri.net.",
    "h1": "Annonces à Tozeur",
    "h2": "Toutes les petites annonces dans le gouvernorat de Tozeur",
    "text_top": "Découvrez les annonces disponibles dans le gouvernorat de Tozeur. Immobilier, terrains, véhicules et services sont proposés dans cette région oasienne du Sud-Ouest tunisien.",
    "text_bottom": "Tozeur et les délégations de Nefta et Degache regroupent des annonces immobilières et foncières variées. Les biens liés aux palmeraies et au tourisme y sont également présents. Déposez votre annonce gratuitement sur ichri.net.",
    "keywords": "annonces tozeur, petites annonces tozeur, maison tozeur, terrain tozeur, immobilier tozeur"
  },
  {
    "id": 21,
    "libelle": "Gabes",
    "url": "gabes",
    "meta_title": "Annonces Gabès : Immobilier, Emploi, Véhicules | ichri.net",
    "meta_description": "Consultez les annonces à Gabès : appartements, maisons, offres d'emploi et voitures. Publiez sur ichri.net.",
    "h1": "Annonces à Gabès",
    "h2": "Toutes les petites annonces dans le gouvernorat de Gabès",
    "text_top": "Explorez les annonces publiées dans le gouvernorat de Gabès. Immobilier, emploi, véhicules et services sont disponibles dans cette région côtière du Sud-Est tunisien.",
    "text_bottom": "Gabès et ses délégations comme El Hamma, Mareth et Matmata proposent des annonces variées. Le marché immobilier et les offres d'emploi dans l'industrie y sont actifs. Publiez votre annonce sur ichri.net pour atteindre les habitants du gouvernorat.",
    "keywords": "annonces gabes, petites annonces gabes, appartement gabes, emploi gabes, immobilier gabes"
  },
  {
    "id": 22,
    "libelle": "Kebili",
    "url": "kebili",
    "meta_title": "Annonces Kébili : Terrains, Immobilier, Véhicules | ichri.net",
    "meta_description": "Trouvez les annonces à Kébili et Douz : terrains, maisons, véhicules et services. Publiez sur ichri.net.",
    "h1": "Annonces à Kébili",
    "h2": "Toutes les petites annonces dans le gouvernorat de Kébili",
    "text_top": "Parcourez les annonces disponibles dans le gouvernorat de Kébili. Terrains, immobilier, véhicules et services sont proposés dans cette région saharienne du Sud tunisien.",
    "text_bottom": "Kébili et la délégation de Douz regroupent des annonces de terrains, de propriétés et de véhicules adaptés à la région. Les biens liés aux palmeraies sont également présents sur le marché. Déposez votre annonce sur ichri.net.",
    "keywords": "annonces kebili, petites annonces kebili, terrain kebili, maison douz, immobilier kebili"
  },
  {
    "id": 23,
    "libelle": "Medenine",
    "url": "medenine",
    "meta_title": "Annonces Médenine : Immobilier, Djerba, Véhicules | ichri.net",
    "meta_description": "Découvrez les annonces à Médenine et Djerba : villas, appartements, voitures et services. Publiez sur ichri.net.",
    "h1": "Annonces à Médenine",
    "h2": "Toutes les petites annonces dans le gouvernorat de Médenine",
    "text_top": "Retrouvez les annonces publiées dans le gouvernorat de Médenine. Immobilier, véhicules, emploi et services sont disponibles dans cette région qui inclut l'île de Djerba.",
    "text_bottom": "Le gouvernorat de Médenine englobe Djerba, Zarzis et Ben Guerdane. Les annonces immobilières y sont nombreuses, notamment pour les biens balnéaires à Djerba. Publiez votre annonce sur ichri.net pour toucher les acheteurs de tout le Sud-Est tunisien.",
    "keywords": "annonces medenine, petites annonces medenine, villa djerba, appartement djerba, immobilier zarzis"
  },
  {
    "id": 24,
    "libelle": "Tataouine",
    "url": "tataouine",
    "meta_title": "Annonces Tataouine : Terrains, Immobilier, Véhicules | ichri.net",
    "meta_description": "Parcourez les annonces à Tataouine : terrains, maisons, véhicules et services. Achetez et vendez sur ichri.net.",
    "h1": "Annonces à Tataouine",
    "h2": "Toutes les petites annonces dans le gouvernorat de Tataouine",
    "text_top": "Consultez les annonces disponibles dans le gouvernorat de Tataouine. Terrains, immobilier, véhicules et articles divers sont proposés dans cette région du grand Sud tunisien.",
    "text_bottom": "Tataouine et ses délégations comme Remada, Ghomrassen et Bir Lahmar proposent des annonces de terrains et de biens immobiliers à des prix accessibles. Déposez votre annonce gratuitement sur ichri.net pour atteindre les acheteurs locaux.",
    "keywords": "annonces tataouine, petites annonces tataouine, terrain tataouine, maison tataouine, immobilier tataouine"
  }
]
