[
  {
    "id": 1,
    "libelle": "Voiture occasion",
    "idCategorie": 1,
    "url": "voiture-occasion",
    "meta_title": "Voiture Occasion Tunisie : +5000 Annonces Auto Vérifiées | Ichri.net",
    "meta_description": "Achetez votre voiture occasion en Tunisie parmi des milliers d'annonces vérifiées. Berlines, citadines, SUV : comparez les prix et contactez les vendeurs directement.",
    "h1": "Voitures d'Occasion à Vendre en Tunisie",
    "h2": "Trouvez l'Auto Idéale au Meilleur Prix",
    "text_top": "Vous cherchez une voiture occasion fiable en Tunisie ? Notre plateforme regroupe les meilleures offres de véhicules d'occasion dans toutes les régions : Tunis, Sfax, Sousse, Nabeul et au-delà. Que vous recherchiez une citadine économique, une berline familiale ou un SUV robuste, parcourez nos annonces actualisées quotidiennement et trouvez l'automobile qui correspond à votre budget.",
    "text_bottom": "Comment vérifier l'état d'une voiture occasion ? Demandez le carnet d'entretien, vérifiez le kilométrage réel et faites un essai routier. Quels documents exiger ? Carte grise, certificat de visite technique et attestation d'assurance valide. Pour négocier le prix, comparez plusieurs annonces similaires afin d'avoir une base de négociation solide.",
    "keywords": "voiture occasion tunisie, auto occasion, acheter voiture tunisie, vente auto, véhicule occasion"
  },
  {
    "id": 2,
    "libelle": "Véhicule utilitaire",
    "idCategorie": 1,
    "url": "vehicule-utilitaire",
    "meta_title": "Véhicule Utilitaire Occasion : Camion, Fourgon, Camionnette Tunisie | Ichri.net",
    "meta_description": "Camions, fourgons et camionnettes d'occasion en Tunisie. Trouvez le véhicule utilitaire adapté à votre activité professionnelle. Annonces particuliers et pros.",
    "h1": "Véhicules Utilitaires d'Occasion en Tunisie",
    "h2": "Camions, Fourgons et Camionnettes pour Professionnels",
    "text_top": "Besoin d'un véhicule utilitaire pour votre activité ? Consultez nos annonces de camions, fourgons, camionnettes et remorques disponibles partout en Tunisie. Que ce soit pour le transport de marchandises, la livraison ou l'artisanat, trouvez un utilitaire fiable adapté à vos besoins professionnels et à votre budget.",
    "text_bottom": "Quel utilitaire choisir ? Fourgonnette pour les petits volumes, fourgon pour les livraisons régulières, camion benne pour le BTP. Points à vérifier : capacité de charge utile, consommation carburant, état de la carrosserie et des suspensions. Comparez les offres et contactez directement les vendeurs sur Ichri.",
    "keywords": "véhicule utilitaire tunisie, camion occasion, fourgon tunisie, camionnette occasion, utilitaire professionnel"
  },
  {
    "id": 3,
    "libelle": "Pièces - Accessoires",
    "idCategorie": 1,
    "url": "pieces-accessoires",
    "meta_title": "Pièces Auto et Accessoires Voiture Tunisie : Neuves et Occasion | Ichri.net",
    "meta_description": "Pièces détachées, pièces de rechange et accessoires auto en Tunisie. Moteurs, freins, filtres, GPS : trouvez la pièce qu'il vous faut à prix réduit.",
    "h1": "Pièces Détachées et Accessoires Auto en Tunisie",
    "h2": "Pièces de Rechange pour Toutes Marques",
    "text_top": "Réparez ou équipez votre véhicule à moindre coût. Notre rubrique regroupe des milliers de pièces détachées automobiles : moteurs, boîtes de vitesses, freins, filtres, phares, et accessoires comme GPS ou autoradio. Pièces neuves ou d'occasion pour Renault, Peugeot, Volkswagen, Fiat et toutes autres marques présentes en Tunisie.",
    "text_bottom": "Pièce d'origine ou adaptable ? Les pièces d'origine garantissent la compatibilité parfaite, les adaptables offrent un excellent rapport qualité-prix. La casse auto reste une solution économique pour les pièces de carrosserie et moteurs. Vérifiez toujours la référence exacte de la pièce avant tout achat.",
    "keywords": "pièces détachées tunisie, accessoires auto, pièces de rechange, casse auto tunisie, pièces voiture occasion"
  },
  {
    "id": 4,
    "libelle": "Moto occasion",
    "idCategorie": 2,
    "url": "moto-occasion",
    "meta_title": "Moto Occasion Tunisie : Annonces Motos et 2 Roues Pas Cher | Ichri.net",
    "meta_description": "Motos d'occasion en Tunisie : sportives, routières, trails. Achetez une moto pas chère entre particuliers. Annonces vérifiées dans toute la Tunisie.",
    "h1": "Motos d'Occasion à Vendre en Tunisie",
    "h2": "Trouvez Votre Deux Roues au Meilleur Prix",
    "text_top": "Passionné de deux roues ? Découvrez notre sélection de motos d'occasion disponibles en Tunisie. Sportives, routières, trails ou customs : comparez les modèles, vérifiez les prix et contactez les vendeurs particuliers directement. Des offres actualisées chaque jour pour tous les budgets.",
    "text_bottom": "Que vérifier avant d'acheter ? État des pneus, usure des freins, kilométrage et carnet d'entretien. Documents obligatoires : carte grise à jour et assurance valide. Lors de l'essai routier, testez le moteur à froid et vérifiez l'absence de bruits suspects au niveau de la transmission.",
    "keywords": "moto occasion tunisie, acheter moto, vente moto tunisie, deux roues occasion, moto pas cher"
  },
  {
    "id": 5,
    "libelle": "Scooter",
    "idCategorie": 2,
    "url": "scooter",
    "meta_title": "Scooter Occasion Tunisie : Mobylette, Vespa, 50cc et 125cc | Ichri.net",
    "meta_description": "Scooters et mobylettes d'occasion en Tunisie. Modèles 50cc, 125cc, Vespa, Piaggio : trouvez votre deux roues urbain au meilleur prix entre particuliers.",
    "h1": "Scooters et Mobylettes d'Occasion en Tunisie",
    "h2": "La Solution Urbaine Économique",
    "text_top": "Le scooter reste le choix idéal pour circuler en ville. Parcourez nos annonces de scooters et mobylettes d'occasion : modèles 50cc accessibles sans permis, 125cc pour plus de puissance, Vespa, Piaggio, Sym et autres marques populaires. Économique à l'achat et à l'usage pour vos déplacements quotidiens en Tunisie.",
    "text_bottom": "50cc ou 125cc ? Le 50cc suffit amplement pour la ville, le 125cc offre plus d'autonomie sur route et périphérie. Points clés à vérifier : état de la courroie de transmission, freins, batterie et compteur kilométrique. Un scooter bien entretenu peut durer de nombreuses années.",
    "keywords": "scooter occasion tunisie, mobylette tunisie, vespa occasion, scooter 125cc, scooter pas cher"
  },
  {
    "id": 6,
    "libelle": "Pièces moto",
    "idCategorie": 2,
    "url": "pieces-moto",
    "meta_title": "Pièces Moto et Scooter en Tunisie : Détachées et Accessoires | Ichri.net",
    "meta_description": "Pièces détachées moto et scooter en Tunisie. Carénages, freins, pneus, échappements : équipez votre deux roues à prix réduit. Neuves et occasion.",
    "h1": "Pièces Détachées Moto et Scooter en Tunisie",
    "h2": "Équipements et Accessoires Deux Roues",
    "text_top": "Entretenez ou personnalisez votre moto sans vous ruiner. Trouvez des pièces détachées pour motos et scooters : carénages, systèmes de freinage, pneus, chaînes, pignons, échappements et équipements pilote. Des annonces de particuliers et professionnels dans toute la Tunisie.",
    "text_bottom": "Comment choisir ses pièces moto ? Privilégiez les pièces d'origine pour les éléments de sécurité comme les freins. Pour les carénages et accessoires esthétiques, les pièces adaptables offrent un bon compromis. Vérifiez la compatibilité avec votre modèle exact avant achat.",
    "keywords": "pièces moto tunisie, accessoires scooter, pièces détachées deux roues, carénage moto, équipement moto"
  },
  {
    "id": 7,
    "libelle": "Maison à vendre",
    "idCategorie": 3,
    "url": "maison-a-vendre",
    "meta_title": "Maison à Vendre en Tunisie : Villas, Appartements, Immobilier | Ichri.net",
    "meta_description": "Maisons et villas à vendre en Tunisie. Parcourez nos annonces immobilières : appartements, maisons individuelles, propriétés. Achat direct entre particuliers.",
    "h1": "Maisons et Villas à Vendre en Tunisie",
    "h2": "Annonces Immobilières de Particuliers",
    "text_top": "Vous souhaitez devenir propriétaire en Tunisie ? Consultez nos annonces de maisons à vendre dans toutes les régions : villas avec jardin, appartements en centre-ville, maisons de campagne ou propriétés en bord de mer. Des offres de particuliers à particuliers, sans intermédiaire, pour un achat immobilier au juste prix.",
    "text_bottom": "Les étapes clés de l'achat immobilier en Tunisie : vérification du titre foncier, consultation du cahier des charges pour les lotissements, négociation du prix et passage chez le notaire. Pour les étrangers, certaines zones nécessitent une autorisation du gouverneur. Prenez le temps de visiter plusieurs biens avant de vous décider.",
    "keywords": "maison à vendre tunisie, villa tunisie, immobilier tunisie, achat maison, propriété à vendre"
  },
  {
    "id": 8,
    "libelle": "Location maison",
    "idCategorie": 3,
    "url": "location-maison",
    "meta_title": "Location Maison et Appartement en Tunisie : Offres Actualisées | Ichri.net",
    "meta_description": "Location appartement et maison en Tunisie. Studios, S+1, S+2, villas : trouvez votre logement à louer à Tunis, Sousse, Sfax. Annonces de particuliers.",
    "h1": "Location Maison et Appartement en Tunisie",
    "h2": "Trouvez Votre Logement à Louer",
    "text_top": "À la recherche d'un logement à louer en Tunisie ? Parcourez nos annonces de location : appartements meublés ou vides, studios pour étudiants, maisons familiales et villas avec jardin. Des offres dans toutes les villes : Tunis, Ariana, Ben Arous, Sousse, Sfax, Nabeul et au-delà. Location mensuelle ou saisonnière selon vos besoins.",
    "text_bottom": "Que vérifier avant de louer ? État général du logement, fonctionnement des équipements, charges comprises ou non, et conditions du bail. Pour une location meublée, faites un inventaire détaillé à l'entrée. Les locations saisonnières en bord de mer sont très demandées en été, réservez à l'avance.",
    "keywords": "location maison tunisie, appartement à louer, location studio, louer villa tunisie, location meublée"
  },
  {
    "id": 9,
    "libelle": "Bureau - Boutique - Garage",
    "idCategorie": 3,
    "url": "bureau-boutique-garage",
    "meta_title": "Local Commercial Tunisie : Bureau, Boutique, Garage à Louer/Vendre | Ichri.net",
    "meta_description": "Locaux commerciaux en Tunisie : bureaux, boutiques, garages et entrepôts. Location et vente de locaux professionnels dans toutes les régions.",
    "h1": "Locaux Commerciaux : Bureaux, Boutiques et Garages",
    "h2": "Immobilier Professionnel en Tunisie",
    "text_top": "Vous lancez votre activité ou cherchez de nouveaux locaux ? Découvrez nos annonces de locaux commerciaux en Tunisie : bureaux équipés en centre-ville, boutiques avec vitrine sur rue passante, garages et ateliers pour artisans, entrepôts et dépôts pour stockage. Location ou achat selon votre projet professionnel.",
    "text_bottom": "Critères essentiels pour un local commercial : emplacement et visibilité, superficie adaptée à l'activité, accessibilité et stationnement, conformité aux normes. Pour une boutique, privilégiez les zones à fort passage piéton. Pour un bureau, l'accessibilité en transport et la connexion internet sont primordiales.",
    "keywords": "local commercial tunisie, bureau à louer, boutique à vendre, garage tunisie, entrepôt location"
  },
  {
    "id": 10,
    "libelle": "Terrain à vendre",
    "idCategorie": 3,
    "url": "terrain-a-vendre",
    "meta_title": "Terrain à Vendre en Tunisie : Constructible, Agricole, Lotissement | Ichri.net",
    "meta_description": "Terrains à vendre en Tunisie : parcelles constructibles, terrains agricoles, lots viabilisés. Investissez dans le foncier tunisien. Annonces de particuliers.",
    "h1": "Terrains à Vendre en Tunisie",
    "h2": "Parcelles Constructibles et Agricoles",
    "text_top": "Investir dans un terrain en Tunisie représente une opportunité patrimoniale solide. Consultez nos annonces de terrains à vendre : parcelles constructibles en zone urbaine, lots viabilisés dans des lotissements, terrains agricoles et olivettes. Des offres dans toutes les régions pour concrétiser votre projet de construction ou d'investissement.",
    "text_bottom": "Avant d'acheter un terrain, vérifiez impérativement : le titre foncier et la situation juridique, le classement au plan d'aménagement urbain, les servitudes éventuelles et les possibilités de raccordement aux réseaux. Pour un terrain agricole, renseignez-vous sur les droits de construction autorisés.",
    "keywords": "terrain à vendre tunisie, parcelle constructible, terrain agricole, lotissement tunisie, achat terrain"
  },
  {
    "id": 11,
    "libelle": "Ordinateur - PC",
    "idCategorie": 4,
    "url": "ordinateur-pc",
    "meta_title": "Ordinateur Occasion Tunisie : PC Portable, Desktop, Gaming | Ichri.net",
    "meta_description": "PC et ordinateurs d'occasion en Tunisie. Portables, tours, PC gaming : trouvez votre ordinateur au meilleur prix. Dell, HP, Lenovo, Asus disponibles.",
    "h1": "Ordinateurs et PC d'Occasion en Tunisie",
    "h2": "Portables, Desktops et PC Gaming",
    "text_top": "Besoin d'un ordinateur performant sans exploser votre budget ? Parcourez nos annonces de PC d'occasion en Tunisie : ordinateurs portables pour le travail ou les études, tours desktop pour la bureautique, configurations gaming pour les joueurs. Marques disponibles : Dell, HP, Lenovo, Asus, Acer et bien d'autres.",
    "text_bottom": "Comment choisir son PC d'occasion ? Pour la bureautique, un processeur i3/i5 et 8 Go de RAM suffisent. Pour le gaming ou le montage vidéo, visez un i7 avec carte graphique dédiée et 16 Go de RAM minimum. Vérifiez l'état de la batterie sur les portables et demandez les caractéristiques exactes au vendeur.",
    "keywords": "ordinateur occasion tunisie, pc portable tunisie, pc gaming, ordinateur pas cher, laptop occasion"
  },
  {
    "id": 12,
    "libelle": "Accessoires informatique",
    "idCategorie": 4,
    "url": "accessoires-informatique",
    "meta_title": "Accessoires Informatique Tunisie : Clavier, Souris, Écran, Composants | Ichri.net",
    "meta_description": "Accessoires et périphériques informatiques en Tunisie. Claviers, souris, écrans, webcams, composants PC : équipez-vous à prix réduit entre particuliers.",
    "h1": "Accessoires et Périphériques Informatiques",
    "h2": "Équipements PC Neufs et Occasion",
    "text_top": "Complétez ou améliorez votre setup informatique. Trouvez des accessoires et périphériques sur Ichri : claviers mécaniques ou membrane, souris gaming ou bureautique, écrans de toutes tailles, webcams, casques audio, et composants internes comme cartes graphiques, RAM ou disques SSD. Du neuf et de l'occasion à petits prix.",
    "text_bottom": "Quels accessoires privilégier ? Un bon écran réduit la fatigue visuelle, un clavier ergonomique améliore le confort de frappe, une souris adaptée augmente la productivité. Pour les gamers, investissez dans un écran à haut taux de rafraîchissement et une souris précise. Vérifiez la compatibilité des composants avec votre configuration.",
    "keywords": "accessoires informatique tunisie, clavier souris, écran pc, composants ordinateur, périphériques pc"
  },
  {
    "id": 13,
    "libelle": "Tablette - iPad",
    "idCategorie": 4,
    "url": "tablette-ipad",
    "meta_title": "Tablette et iPad Occasion Tunisie : Samsung, Apple, Huawei | Ichri.net",
    "meta_description": "Tablettes d'occasion en Tunisie : iPad Apple, Samsung Galaxy Tab, Huawei. Trouvez votre tablette tactile au meilleur prix entre particuliers.",
    "h1": "Tablettes et iPad d'Occasion en Tunisie",
    "h2": "Apple, Samsung, Huawei à Prix Réduit",
    "text_top": "La tablette combine portabilité et polyvalence pour le travail, les études ou le divertissement. Découvrez nos annonces de tablettes d'occasion en Tunisie : iPad Apple toutes générations, Samsung Galaxy Tab, Huawei MatePad et autres marques. Idéales pour la navigation web, la lecture, les jeux ou comme outil professionnel.",
    "text_bottom": "Quelle tablette choisir ? L'iPad reste la référence pour l'écosystème Apple et les applications créatives. Les tablettes Android offrent plus de flexibilité et de choix de prix. Vérifiez l'état de l'écran, l'autonomie de la batterie et la capacité de stockage. Pour un usage professionnel, optez pour un modèle compatible stylet.",
    "keywords": "tablette occasion tunisie, ipad tunisie, samsung galaxy tab, tablette pas cher, ipad occasion"
  },
  {
    "id": 14,
    "libelle": "Portable occasion",
    "idCategorie": 5,
    "url": "portable-occasion",
    "meta_title": "Téléphone Portable Occasion Tunisie : Samsung, Huawei, Xiaomi | Ichri.net",
    "meta_description": "Smartphones d'occasion en Tunisie : Samsung Galaxy, Huawei, Xiaomi, Oppo. Achetez un téléphone portable pas cher et en bon état entre particuliers.",
    "h1": "Téléphones Portables d'Occasion en Tunisie",
    "h2": "Smartphones Toutes Marques à Petit Prix",
    "text_top": "Changez de smartphone sans vous ruiner. Parcourez nos annonces de téléphones portables d'occasion en Tunisie : Samsung Galaxy, Huawei, Xiaomi, Oppo, Realme et autres marques populaires. Des modèles récents en excellent état vendus par des particuliers, avec des prix bien en dessous du neuf.",
    "text_bottom": "Comment vérifier un smartphone d'occasion ? Testez l'écran tactile sur toute la surface, vérifiez l'état de la batterie dans les paramètres, contrôlez le fonctionnement des caméras et haut-parleurs. Demandez la facture d'origine et assurez-vous que le téléphone n'est pas bloqué opérateur ou signalé volé.",
    "keywords": "téléphone occasion tunisie, smartphone pas cher, samsung galaxy occasion, portable tunisie, mobile occasion"
  },
  {
    "id": 15,
    "libelle": "Accessoires téléphonie",
    "idCategorie": 5,
    "url": "accessoires-telephonie",
    "meta_title": "Accessoires Téléphone Tunisie : Coques, Chargeurs, Écouteurs | Ichri.net",
    "meta_description": "Accessoires pour smartphones en Tunisie : coques de protection, chargeurs, écouteurs sans fil, supports. Protégez et équipez votre téléphone à petit prix.",
    "h1": "Accessoires pour Téléphones et Smartphones",
    "h2": "Coques, Chargeurs et Écouteurs",
    "text_top": "Protégez et personnalisez votre smartphone avec nos accessoires. Trouvez sur Ichri : coques et étuis de protection, verres trempés, chargeurs rapides et sans fil, écouteurs Bluetooth, power banks, supports voiture et bien plus. Accessoires compatibles avec toutes les marques de téléphones.",
    "text_bottom": "Quels accessoires indispensables ? Une coque de qualité protège des chutes quotidiennes, un verre trempé préserve l'écran des rayures. Les écouteurs sans fil offrent plus de liberté, et un power bank de bonne capacité vous dépanne lors des déplacements. Vérifiez toujours la compatibilité avec votre modèle de téléphone.",
    "keywords": "accessoires téléphone tunisie, coque smartphone, chargeur sans fil, écouteurs bluetooth, protection écran"
  },
  {
    "id": 16,
    "libelle": "iPhone",
    "idCategorie": 5,
    "url": "iphone",
    "meta_title": "iPhone Occasion Tunisie : iPhone 15, 14, 13, SE au Meilleur Prix | Ichri.net",
    "meta_description": "iPhone d'occasion en Tunisie : modèles 15, 14, 13, 12, SE. Achetez un iPhone pas cher en bon état. Annonces vérifiées entre particuliers tunisiens.",
    "h1": "iPhone d'Occasion à Vendre en Tunisie",
    "h2": "Apple iPhone Toutes Générations",
    "text_top": "L'iPhone reste le smartphone premium par excellence. Retrouvez sur Ichri des iPhone d'occasion dans toute la Tunisie : dernières générations iPhone 15 et 14, modèles populaires iPhone 13 et 12, ou iPhone SE pour un budget maîtrisé. Des appareils en excellent état vendus par des particuliers, bien moins chers que le neuf.",
    "text_bottom": "Vérifications essentielles avant achat : état de la batterie visible dans Réglages, activation du Find My désactivée, aucun compte iCloud lié. Testez Face ID ou Touch ID, les caméras et les haut-parleurs. Demandez la boîte d'origine et la facture si possible. Un iPhone bien entretenu conserve d'excellentes performances pendant des années.",
    "keywords": "iphone occasion tunisie, iphone pas cher, acheter iphone, iphone 14 tunisie, apple tunisie"
  },
  {
    "id": 17,
    "libelle": "Cours primaires",
    "idCategorie": 6,
    "url": "cours-primaires",
    "meta_title": "Cours Particuliers Primaire Tunisie : Soutien Scolaire et Révisions | Ichri.net",
    "meta_description": "Cours particuliers pour élèves du primaire en Tunisie. Soutien scolaire en maths, français, arabe. Trouvez un professeur qualifié près de chez vous.",
    "h1": "Cours Particuliers pour Élèves du Primaire",
    "h2": "Soutien Scolaire et Aide aux Devoirs",
    "text_top": "Votre enfant a besoin d'un accompagnement scolaire personnalisé ? Trouvez des professeurs proposant des cours particuliers pour le primaire en Tunisie : soutien en mathématiques, français, arabe, éveil scientifique. Des enseignants expérimentés disponibles à domicile ou en ligne pour aider votre enfant à progresser.",
    "text_bottom": "Pourquoi des cours particuliers au primaire ? Un suivi individualisé permet de consolider les bases essentielles en lecture, écriture et calcul. Le professeur adapte sa pédagogie au rythme de l'enfant et identifie rapidement les lacunes à combler. Choisissez un enseignant patient et expérimenté avec les jeunes élèves.",
    "keywords": "cours primaire tunisie, soutien scolaire, cours particuliers enfant, aide devoirs, professeur primaire"
  },
  {
    "id": 18,
    "libelle": "Cours secondaires",
    "idCategorie": 6,
    "url": "cours-secondaires",
    "meta_title": "Cours Particuliers Secondaire Tunisie : Collège et Lycée | Ichri.net",
    "meta_description": "Cours particuliers pour collégiens et lycéens en Tunisie. Maths, physique, sciences, langues : trouvez un professeur expérimenté pour réussir vos examens.",
    "h1": "Cours Particuliers Collège et Lycée",
    "h2": "Préparation aux Examens et Renforcement",
    "text_top": "Le secondaire représente des années décisives pour l'orientation future. Trouvez sur Ichri des professeurs qualifiés pour des cours particuliers : mathématiques, physique-chimie, sciences naturelles, français, anglais et arabe. Un accompagnement personnalisé pour combler les lacunes et préparer efficacement les examens.",
    "text_bottom": "Comment choisir son professeur ? Privilégiez les enseignants avec expérience dans le niveau concerné et connaissance du programme tunisien. Les cours réguliers donnent de meilleurs résultats que les révisions de dernière minute. Un bon professeur explique différemment, donne des exercices adaptés et suit la progression de l'élève.",
    "keywords": "cours secondaire tunisie, cours particuliers lycée, soutien scolaire collège, professeur maths, préparation examens"
  },
  {
    "id": 19,
    "libelle": "Cours Baccalauréat",
    "idCategorie": 6,
    "url": "cours-baccalaureat",
    "meta_title": "Cours Baccalauréat Tunisie : Préparation Intensive Bac 2025 | Ichri.net",
    "meta_description": "Préparation au baccalauréat tunisien : cours particuliers intensifs toutes sections. Maths, physique, SVT, économie. Professeurs expérimentés pour réussir le Bac.",
    "h1": "Préparation au Baccalauréat en Tunisie",
    "h2": "Cours Intensifs Toutes Sections",
    "text_top": "Le baccalauréat est l'examen le plus important de votre parcours scolaire. Trouvez des professeurs spécialisés dans la préparation au bac tunisien : section maths, sciences expérimentales, économie-gestion, lettres, informatique ou technique. Cours particuliers, révisions intensives et entraînement aux épreuves pour maximiser vos chances de réussite.",
    "text_bottom": "Stratégie gagnante pour le bac : commencez les révisions plusieurs mois à l'avance, identifiez vos matières faibles, entraînez-vous sur les sujets des années précédentes. Un professeur expérimenté connaît les attentes des correcteurs et les points clés du programme. Les cours en petit groupe peuvent aussi être efficaces et moins coûteux.",
    "keywords": "cours bac tunisie, préparation baccalauréat, professeur bac, révision bac, cours intensifs bac"
  },
  {
    "id": 20,
    "libelle": "Colocation étudiants",
    "idCategorie": 7,
    "url": "colocation-etudiants",
    "meta_title": "Colocation Étudiant Tunisie : Chambres et Appartements Partagés | Ichri.net",
    "meta_description": "Colocation pour étudiants en Tunisie : chambres à louer, appartements partagés près des universités. Trouvez un logement étudiant abordable à Tunis, Sousse, Sfax.",
    "h1": "Colocation Étudiante en Tunisie",
    "h2": "Logements Partagés Près des Universités",
    "text_top": "Étudiant à la recherche d'un logement abordable ? La colocation reste la solution idéale pour réduire les frais tout en vivant une expérience conviviale. Consultez nos annonces de chambres à louer et appartements partagés près des campus universitaires : Tunis, La Manouba, Sousse, Sfax, Monastir et autres villes universitaires.",
    "text_bottom": "Conseils pour une colocation réussie : définissez clairement le partage des charges et des tâches ménagères, respectez les espaces communs et les horaires de chacun. Visitez le logement et rencontrez les colocataires potentiels avant de vous engager. Un contrat écrit, même informel, évite les malentendus.",
    "keywords": "colocation étudiant tunisie, chambre étudiant, logement universitaire, appartement partagé, coloc tunis"
  },
  {
    "id": 21,
    "libelle": "Colocation professionnelle",
    "idCategorie": 7,
    "url": "colocation-professionnelle",
    "meta_title": "Colocation Professionnelle Tunisie : Logement Partagé Actifs | Ichri.net",
    "meta_description": "Colocation pour professionnels en Tunisie : appartements partagés entre actifs. Réduisez vos frais de logement tout en gardant votre indépendance.",
    "h1": "Colocation entre Professionnels en Tunisie",
    "h2": "Partager un Logement entre Actifs",
    "text_top": "La colocation n'est pas réservée aux étudiants. De plus en plus de professionnels choisissent de partager un appartement pour réduire leurs charges tout en bénéficiant d'un logement de qualité. Trouvez sur Ichri des annonces de colocation entre actifs : chambres privées dans des appartements bien situés, proches des zones d'emploi.",
    "text_bottom": "Avantages de la colocation professionnelle : loyer divisé permettant d'accéder à un meilleur quartier, charges partagées, moins de solitude pour les personnes mutées ou nouvellement arrivées en ville. Privilégiez des colocataires aux horaires et modes de vie compatibles avec les vôtres.",
    "keywords": "colocation professionnelle tunisie, logement partagé actifs, chambre à louer, colocation adulte, appartement partagé"
  },
  {
    "id": 22,
    "libelle": "Offre d'emploi",
    "idCategorie": 8,
    "url": "offre-emploi",
    "meta_title": "Offres d'Emploi Tunisie 2025 : Recrutement et Jobs Disponibles | Ichri.net",
    "meta_description": "Offres d'emploi en Tunisie : CDI, CDD, stages et missions. Consultez les dernières opportunités de recrutement dans tous les secteurs. Postulez directement.",
    "h1": "Offres d'Emploi et Recrutement en Tunisie",
    "h2": "Opportunités Professionnelles Tous Secteurs",
    "text_top": "À la recherche d'un emploi en Tunisie ? Consultez nos offres d'emploi actualisées quotidiennement : postes en CDI et CDD, stages, missions intérim et jobs étudiants. Des opportunités dans tous les secteurs : informatique, commerce, industrie, santé, hôtellerie, BTP et services. Postulez directement auprès des recruteurs.",
    "text_bottom": "Conseils pour décrocher un emploi : personnalisez votre CV et lettre de motivation pour chaque candidature, mettez en avant vos compétences clés et expériences pertinentes. Préparez vos entretiens en vous renseignant sur l'entreprise. La réactivité compte : postulez rapidement aux offres qui correspondent à votre profil.",
    "keywords": "offre emploi tunisie, recrutement tunisie, chercher travail, job tunisie, emploi cdi"
  },
  {
    "id": 23,
    "libelle": "Recherche d'emploi",
    "idCategorie": 8,
    "url": "recherche-emploi",
    "meta_title": "CV et Recherche d'Emploi Tunisie : Candidats Disponibles | Ichri.net",
    "meta_description": "Candidats en recherche d'emploi en Tunisie : consultez les CV disponibles ou déposez le vôtre. Recruteurs, trouvez votre prochain collaborateur sur Ichri.",
    "h1": "Candidats en Recherche d'Emploi en Tunisie",
    "h2": "CV et Profils Disponibles",
    "text_top": "Vous êtes recruteur et cherchez des candidats qualifiés ? Ou vous êtes en recherche active d'emploi et souhaitez augmenter votre visibilité ? Cette rubrique met en relation candidats et employeurs. Déposez votre CV gratuitement ou parcourez les profils disponibles selon le poste recherché, le secteur et la localisation.",
    "text_bottom": "Comment rédiger un CV efficace ? Structurez clairement vos expériences et formations, quantifiez vos réalisations quand c'est possible, adaptez le contenu au poste visé. Une photo professionnelle et des coordonnées à jour sont essentielles. Mentionnez vos compétences techniques et linguistiques de manière honnête.",
    "keywords": "recherche emploi tunisie, déposer cv, candidat disponible, trouver travail, cv tunisie"
  },
  {
    "id": 24,
    "libelle": "Emploi à l'étranger",
    "idCategorie": 8,
    "url": "emploi-etranger",
    "meta_title": "Emploi à l'Étranger pour Tunisiens : Offres et Opportunités | Ichri.net",
    "meta_description": "Offres d'emploi à l'étranger pour Tunisiens : Europe, Canada, Golfe. Trouvez des opportunités de travail international. Conseils visa et démarches.",
    "h1": "Opportunités d'Emploi à l'Étranger",
    "h2": "Travailler Hors de Tunisie",
    "text_top": "Vous envisagez une carrière internationale ? Découvrez les offres d'emploi à l'étranger accessibles aux Tunisiens : postes en Europe, Canada, pays du Golfe et ailleurs. Des opportunités dans différents secteurs : informatique, santé, ingénierie, hôtellerie, BTP. Informations sur les procédures de visa et conditions de travail.",
    "text_bottom": "Préparer son expatriation : renseignez-vous sur les conditions de vie et de travail du pays cible, vérifiez la reconnaissance de vos diplômes, améliorez votre niveau de langue si nécessaire. Méfiez-vous des offres trop alléchantes et vérifiez toujours la légitimité de l'employeur. Les agences agréées par l'ANETI offrent plus de garanties.",
    "keywords": "emploi étranger tunisie, travailler abroad, visa travail, expatriation tunisien, job international"
  },
  {
    "id": 25,
    "libelle": "Installation - Dépannage",
    "idCategorie": 9,
    "url": "installation-depannage",
    "meta_title": "Dépannage et Installation à Domicile Tunisie : Artisans Qualifiés | Ichri.net",
    "meta_description": "Services d'installation et dépannage en Tunisie : plomberie, électricité, climatisation, électroménager. Trouvez un artisan qualifié près de chez vous.",
    "h1": "Services d'Installation et Dépannage",
    "h2": "Artisans et Techniciens à Domicile",
    "text_top": "Besoin d'un dépannage urgent ou d'une installation professionnelle ? Trouvez des artisans et techniciens qualifiés sur Ichri : plombiers, électriciens, installateurs de climatisation, techniciens en électroménager et autres professionnels. Des interventions rapides dans toutes les régions de Tunisie pour résoudre vos problèmes du quotidien.",
    "text_bottom": "Comment choisir un bon artisan ? Demandez plusieurs devis pour comparer, vérifiez les avis d'anciens clients si disponibles, exigez une facture détaillée. Un professionnel sérieux explique clairement le problème et la solution proposée. Pour les installations importantes, demandez une garantie sur le travail effectué.",
    "keywords": "dépannage tunisie, installation domicile, plombier tunisie, électricien, réparation électroménager"
  },
  {
    "id": 26,
    "libelle": "Agences de voyage - Hôtels",
    "idCategorie": 9,
    "url": "agences-de-voyage-hotels",
    "meta_title": "Agences de Voyage et Hôtels Tunisie : Séjours et Réservations | Ichri.net",
    "meta_description": "Agences de voyage et hôtels en Tunisie : séjours organisés, réservations, voyages organisés. Planifiez vos vacances avec des professionnels du tourisme.",
    "h1": "Agences de Voyage et Réservation Hôtels",
    "h2": "Organisez Vos Vacances en Tunisie et Ailleurs",
    "text_top": "Planifiez vos prochaines vacances avec des professionnels du tourisme. Découvrez les agences de voyage tunisiennes proposant des séjours en Tunisie et à l'étranger : voyages organisés, réservations d'hôtels, billets d'avion, croisières et circuits touristiques. Des offres pour tous les budgets et toutes les destinations.",
    "text_bottom": "Conseils pour bien choisir son voyage : comparez les prestations incluses et non incluses, vérifiez les conditions d'annulation, lisez les avis sur l'agence et les hôtels proposés. Réservez à l'avance pour les périodes de haute saison. Une agence agréée offre plus de garanties en cas de problème.",
    "keywords": "agence voyage tunisie, hôtel tunisie, séjour vacances, voyage organisé, réservation hôtel"
  },
  {
    "id": 27,
    "libelle": "Services informatique",
    "idCategorie": 9,
    "url": "services-informatique",
    "meta_title": "Services Informatiques Tunisie : Dépannage PC, Développement Web | Ichri.net",
    "meta_description": "Services informatiques en Tunisie : dépannage ordinateur, développement web, création site internet, maintenance. Trouvez un prestataire IT qualifié.",
    "h1": "Services Informatiques et Numériques",
    "h2": "Prestataires IT en Tunisie",
    "text_top": "Besoin d'une expertise informatique ? Trouvez des prestataires IT qualifiés sur Ichri : dépannage et réparation d'ordinateurs, récupération de données, développement web et mobile, création de sites internet, maintenance informatique pour entreprises. Des professionnels disponibles pour particuliers et sociétés.",
    "text_bottom": "Quand faire appel à un professionnel IT ? Ordinateur lent ou infecté par un virus, perte de données importantes, besoin d'un site web professionnel, mise en place d'un réseau d'entreprise. Demandez un diagnostic et un devis détaillé avant intervention. Pour les projets web, consultez le portfolio du prestataire.",
    "keywords": "services informatique tunisie, dépannage pc, développement web, création site internet, maintenance informatique"
  },
  {
    "id": 28,
    "libelle": "Photo - Vidéo",
    "idCategorie": 10,
    "url": "photo-video",
    "meta_title": "Appareil Photo et Caméra Occasion Tunisie : Reflex, Hybride | Ichri.net",
    "meta_description": "Matériel photo et vidéo d'occasion en Tunisie : appareils reflex, hybrides, caméras, objectifs, accessoires. Équipez-vous pour la photographie à prix réduit.",
    "h1": "Matériel Photo et Vidéo en Tunisie",
    "h2": "Appareils et Accessoires d'Occasion",
    "text_top": "Passionné de photographie ou vidéaste en herbe ? Découvrez notre sélection de matériel photo et vidéo d'occasion : appareils reflex Canon et Nikon, hybrides Sony et Fuji, caméras, objectifs, trépieds, éclairages et accessoires. Du matériel professionnel et amateur à prix accessible pour développer votre créativité.",
    "text_bottom": "Comment choisir son appareil photo ? Reflex pour la polyvalence et l'autonomie, hybride pour la compacité et les performances vidéo. Vérifiez le nombre de déclenchements sur les boîtiers d'occasion, l'état des objectifs et l'absence de poussière sur le capteur. Un bon objectif fait souvent plus de différence que le boîtier.",
    "keywords": "appareil photo occasion tunisie, caméra vidéo, reflex occasion, matériel photo, objectif occasion"
  },
  {
    "id": 29,
    "libelle": "TV - Son - iPod",
    "idCategorie": 10,
    "url": "tv-son-ipod",
    "meta_title": "TV, Home Cinéma et Audio Occasion Tunisie : Samsung, LG, Sony | Ichri.net",
    "meta_description": "Téléviseurs, systèmes audio et home cinéma d'occasion en Tunisie. TV LED, OLED, barres de son, enceintes : équipez votre salon au meilleur prix.",
    "h1": "TV, Audio et Home Cinéma d'Occasion",
    "h2": "Équipements Son et Image",
    "text_top": "Transformez votre salon en véritable espace de divertissement. Parcourez nos annonces d'équipements audiovisuels d'occasion : téléviseurs LED et OLED, barres de son, systèmes home cinéma, enceintes Bluetooth, amplis et lecteurs audio. Des marques reconnues comme Samsung, LG, Sony à prix d'occasion.",
    "text_bottom": "Quelle TV choisir ? LED pour un bon rapport qualité-prix, OLED pour des noirs parfaits et un contraste exceptionnel. La taille dépend de la distance de visionnage : comptez environ 3 fois la diagonale de l'écran. Vérifiez l'état de la dalle, les connectiques disponibles et testez l'image avant achat.",
    "keywords": "tv occasion tunisie, home cinéma, barre de son, enceinte bluetooth, téléviseur samsung"
  },
  {
    "id": 30,
    "libelle": "Console de jeu",
    "idCategorie": 10,
    "url": "console-de-jeu",
    "meta_title": "Console de Jeu Occasion Tunisie : PS5, Xbox, Nintendo Switch | Ichri.net",
    "meta_description": "Consoles de jeu d'occasion en Tunisie : PlayStation 5, Xbox Series, Nintendo Switch, PS4. Achetez votre console gaming au meilleur prix entre particuliers.",
    "h1": "Consoles de Jeu d'Occasion en Tunisie",
    "h2": "PlayStation, Xbox et Nintendo",
    "text_top": "Passionné de jeux vidéo ? Trouvez votre console d'occasion sur Ichri : PlayStation 5 et PS4, Xbox Series X/S et One, Nintendo Switch et Switch Lite. Des consoles en excellent état, souvent avec manettes et jeux inclus, à des prix bien inférieurs au neuf. L'occasion idéale pour rejoindre la communauté gaming.",
    "text_bottom": "Que vérifier sur une console d'occasion ? Testez le lecteur de disque si présent, vérifiez que les manettes fonctionnent correctement, contrôlez l'absence de surchauffe après quelques minutes de jeu. Demandez si la console est encore sous garantie. Pour la Switch, vérifiez l'état de l'écran et des Joy-Con.",
    "keywords": "console occasion tunisie, ps5 tunisie, xbox series, nintendo switch, playstation occasion"
  },
  {
    "id": 31,
    "libelle": "Gros électroménager",
    "idCategorie": 11,
    "url": "gros-electromenager",
    "meta_title": "Gros Électroménager Occasion Tunisie : Frigo, Machine à Laver | Ichri.net",
    "meta_description": "Gros électroménager d'occasion en Tunisie : réfrigérateurs, machines à laver, cuisinières. Équipez votre maison à prix réduit entre particuliers.",
    "h1": "Gros Électroménager d'Occasion en Tunisie",
    "h2": "Réfrigérateurs, Lave-Linge et Cuisinières",
    "text_top": "Équipez votre logement à moindre coût avec du gros électroménager d'occasion. Retrouvez sur Ichri : réfrigérateurs et congélateurs, machines à laver et sèche-linge, cuisinières et fours, lave-vaisselle. Des appareils de grandes marques en bon état de fonctionnement, vendus par des particuliers qui déménagent ou renouvellent leur équipement.",
    "text_bottom": "Points à vérifier avant achat : état général et propreté de l'appareil, bon fonctionnement de toutes les fonctions, niveau sonore, consommation énergétique. Pour un réfrigérateur, vérifiez l'étanchéité des joints. Pour une machine à laver, faites un cycle de test si possible. Prévoyez le transport adapté pour ces appareils volumineux.",
    "keywords": "électroménager occasion tunisie, frigo occasion, machine à laver, cuisinière occasion, réfrigérateur tunisie"
  },
  {
    "id": 32,
    "libelle": "Electroménager de cuisine",
    "idCategorie": 11,
    "url": "electromenager-cuisine",
    "meta_title": "Petit Électroménager Cuisine Tunisie : Robot, Mixeur, Cafetière | Ichri.net",
    "meta_description": "Électroménager de cuisine en Tunisie : robots culinaires, mixeurs, cafetières, grille-pain. Équipez votre cuisine avec du matériel neuf et occasion.",
    "h1": "Électroménager de Cuisine en Tunisie",
    "h2": "Robots, Mixeurs et Appareils Culinaires",
    "text_top": "Facilitez-vous la vie en cuisine avec les bons équipements. Découvrez notre sélection d'électroménager de cuisine : robots culinaires multifonctions, mixeurs et blenders, cafetières et machines à expresso, grille-pain, bouilloires, friteuses et bien plus. Du neuf et de l'occasion pour tous les budgets.",
    "text_bottom": "Quels appareils privilégier ? Un robot culinaire polyvalent remplace plusieurs appareils et économise de la place. Une bonne cafetière fait la différence chaque matin. Pour l'occasion, vérifiez l'état des lames et accessoires, testez le fonctionnement et assurez-vous que tous les éléments sont présents.",
    "keywords": "électroménager cuisine tunisie, robot culinaire, cafetière, mixeur, petit électroménager"
  },
  {
    "id": 33,
    "libelle": "Bricolage - Jardinage",
    "idCategorie": 11,
    "url": "bricolage-jardinage",
    "meta_title": "Bricolage et Jardinage Tunisie : Outils, Tondeuse, Équipements | Ichri.net",
    "meta_description": "Matériel de bricolage et jardinage en Tunisie : outils, perceuses, tondeuses, équipements de jardin. Trouvez tout pour vos travaux et espaces verts.",
    "h1": "Bricolage et Jardinage en Tunisie",
    "h2": "Outils et Équipements pour la Maison",
    "text_top": "Bricoleurs et jardiniers, équipez-vous sur Ichri. Trouvez du matériel de bricolage : perceuses, visseuses, scies, outils à main, établis. Et pour le jardin : tondeuses, taille-haies, débroussailleuses, outils de jardinage, mobilier extérieur. Du matériel neuf et occasion pour entretenir votre maison et vos espaces verts.",
    "text_bottom": "Conseils pour bien s'équiper : investissez dans des outils de qualité pour les tâches régulières, l'occasion suffit pour les usages ponctuels. Vérifiez l'état des batteries sur les outils sans fil, testez le fonctionnement des moteurs. Pour le jardinage, adaptez vos outils à la taille de votre terrain et au type de végétation.",
    "keywords": "bricolage tunisie, outillage, jardinage, tondeuse occasion, perceuse, outils jardin"
  },
  {
    "id": 34,
    "libelle": "Mode - Chaussures - Vêtements",
    "idCategorie": 12,
    "url": "mode-chaussures-vetements",
    "meta_title": "Vêtements et Chaussures Occasion Tunisie : Mode Seconde Main | Ichri.net",
    "meta_description": "Mode seconde main en Tunisie : vêtements, chaussures, accessoires de marque. Achetez et vendez des articles de mode à prix réduit entre particuliers.",
    "h1": "Mode et Vêtements d'Occasion en Tunisie",
    "h2": "Seconde Main et Articles de Marque",
    "text_top": "La mode seconde main combine style et économies. Parcourez nos annonces de vêtements et chaussures d'occasion : articles de marque, pièces vintage, vêtements peu portés, chaussures en excellent état. Femmes, hommes, enfants : trouvez des articles de mode à une fraction du prix neuf tout en adoptant une consommation responsable.",
    "text_bottom": "Pourquoi acheter de la mode d'occasion ? Économies significatives sur les marques, accès à des pièces uniques ou introuvables, démarche écoresponsable. Vérifiez l'état des coutures et fermetures, demandez les mesures exactes, et n'hésitez pas à négocier. Les vide-dressings sont aussi l'occasion de vendre ce que vous ne portez plus.",
    "keywords": "vêtements occasion tunisie, chaussures seconde main, mode tunisie, fripe, vide dressing"
  },
  {
    "id": 35,
    "libelle": "Bijoux - Montre",
    "idCategorie": 12,
    "url": "bijoux-montre",
    "meta_title": "Bijoux et Montres Occasion Tunisie : Or, Argent, Marques | Ichri.net",
    "meta_description": "Bijoux et montres d'occasion en Tunisie : or, argent, fantaisie, montres de marque. Trouvez des pièces uniques ou vendez vos bijoux entre particuliers.",
    "h1": "Bijoux et Montres d'Occasion en Tunisie",
    "h2": "Or, Argent et Pièces de Collection",
    "text_top": "Offrez-vous ou offrez des bijoux et montres d'occasion à prix attractif. Découvrez notre sélection : bijoux en or et argent, montres de marque comme Casio, Fossil ou Tissot, bijoux fantaisie et accessoires. Des pièces uniques, vintage ou récentes, vendues par des particuliers dans toute la Tunisie.",
    "text_bottom": "Conseils pour l'achat de bijoux d'occasion : pour l'or, demandez le poinçon ou faites vérifier par un professionnel. Pour les montres mécaniques, vérifiez la précision et l'étanchéité. Les bijoux vintage peuvent avoir une grande valeur s'ils sont authentiques. Méfiez-vous des prix trop bas sur les articles de marque.",
    "keywords": "bijoux occasion tunisie, montre occasion, or tunisie, argent bijoux, montre marque"
  },
  {
    "id": 36,
    "libelle": "Produits de beauté",
    "idCategorie": 12,
    "url": "produits-beaute",
    "meta_title": "Produits de Beauté et Cosmétiques Tunisie : Maquillage, Soin | Ichri.net",
    "meta_description": "Produits de beauté en Tunisie : maquillage, soins visage et corps, parfums. Trouvez des cosmétiques de marque neufs ou peu utilisés à prix réduit.",
    "h1": "Produits de Beauté et Cosmétiques",
    "h2": "Maquillage, Soins et Parfums",
    "text_top": "Prenez soin de vous avec des produits de beauté de qualité à prix accessible. Consultez nos annonces de cosmétiques : maquillage de marque, soins visage et corps, parfums authentiques, accessoires beauté. Des produits neufs non utilisés ou très peu servis, vendus par des particuliers qui souhaitent déstocker.",
    "text_bottom": "Précautions pour les cosmétiques d'occasion : vérifiez la date de péremption et l'état du produit, privilégiez les articles scellés ou neufs, évitez les produits pour les yeux ou les lèvres déjà utilisés pour des raisons d'hygiène. Les parfums et soins non ouverts conservent leur qualité pendant plusieurs années.",
    "keywords": "produits beauté tunisie, maquillage, cosmétiques, parfum tunisie, soins visage"
  },
  {
    "id": 37,
    "libelle": "Produit artisanal",
    "idCategorie": 13,
    "url": "produit-artisanal",
    "meta_title": "Artisanat Tunisien : Produits Faits Main et Créations Locales | Ichri.net",
    "meta_description": "Artisanat tunisien et produits faits main : poterie, tissage, maroquinerie, bijoux artisanaux. Soutenez les artisans locaux en achetant authentique.",
    "h1": "Artisanat et Produits Faits Main",
    "h2": "Créations d'Artisans Tunisiens",
    "text_top": "Découvrez la richesse de l'artisanat tunisien. Trouvez des produits faits main par des artisans locaux : poterie de Nabeul et Guellala, tissages traditionnels, maroquinerie, bijoux artisanaux, vannerie, boiserie et bien plus. Chaque pièce est unique et témoigne d'un savoir-faire ancestral transmis de génération en génération.",
    "text_bottom": "Pourquoi choisir l'artisanat local ? Vous soutenez l'économie locale et les artisans, vous acquérez des pièces uniques impossibles à reproduire industriellement, vous perpétuez des traditions séculaires. L'artisanat tunisien est reconnu pour sa qualité : tapis de Kairouan, poterie de Sejnane, cuivre de Tunis méritent leur réputation.",
    "keywords": "artisanat tunisien, produit fait main, poterie tunisie, tissage traditionnel, artisan local"
  },
  {
    "id": 38,
    "libelle": "Objet de décor",
    "idCategorie": 13,
    "url": "object-decor",
    "meta_title": "Décoration Intérieure Tunisie : Objets Déco et Ameublement | Ichri.net",
    "meta_description": "Objets de décoration en Tunisie : tableaux, miroirs, luminaires, accessoires déco. Personnalisez votre intérieur avec des pièces uniques d'occasion.",
    "h1": "Objets de Décoration et Accessoires Déco",
    "h2": "Personnalisez Votre Intérieur",
    "text_top": "Donnez du caractère à votre intérieur avec des objets de décoration uniques. Parcourez nos annonces déco : tableaux et cadres, miroirs, luminaires, vases, coussins, tapis, sculptures et bibelots. Des pièces d'occasion ou artisanales pour tous les styles : moderne, traditionnel, bohème ou minimaliste.",
    "text_bottom": "Comment réussir sa déco ? Choisissez des pièces qui vous parlent et créez une harmonie de couleurs et de matières. Les objets de récupération et vintage apportent du cachet. L'occasion permet d'accéder à des pièces de qualité ou de designer à prix réduit. N'hésitez pas à mixer les styles pour un intérieur personnalisé.",
    "keywords": "décoration tunisie, objet déco, tableau, luminaire, accessoires maison"
  },
  {
    "id": 39,
    "libelle": "Promotions",
    "idCategorie": 14,
    "url": "promotions",
    "meta_title": "Bonnes Affaires et Promotions Tunisie : Destockage, Soldes | Ichri.net",
    "meta_description": "Promotions et bonnes affaires en Tunisie : destockage, soldes, fins de série. Profitez des meilleures offres à prix cassés sur Ichri.",
    "h1": "Promotions et Bonnes Affaires en Tunisie",
    "h2": "Destockage et Prix Cassés",
    "text_top": "Les meilleures affaires sont sur Ichri. Découvrez les promotions du moment : articles en destockage, fins de série, liquidations de boutiques, ventes flash de particuliers. Toutes catégories confondues : électronique, mode, maison, auto et bien plus. Surveillez régulièrement cette rubrique pour ne pas rater les bonnes occasions.",
    "text_bottom": "Conseils pour profiter des promos : vérifiez l'état réel du produit malgré le prix attractif, comparez avec les prix habituels pour mesurer la vraie remise, restez vigilant face aux offres trop belles pour être vraies. Les meilleures affaires partent vite, soyez réactif quand une opportunité se présente.",
    "keywords": "promotion tunisie, bonne affaire, destockage, soldes, prix cassé"
  },
  {
    "id": 40,
    "libelle": "Divers",
    "idCategorie": 14,
    "url": "divers",
    "meta_title": "Annonces Diverses Tunisie : Objets Variés et Occasions | Ichri.net",
    "meta_description": "Annonces diverses en Tunisie : objets variés qui ne rentrent pas dans les autres catégories. Parcourez nos offres originales entre particuliers.",
    "h1": "Annonces Diverses et Objets Variés",
    "h2": "Tout Ce Qui Ne Rentre Pas Ailleurs",
    "text_top": "Certains objets ne rentrent dans aucune catégorie standard. Cette rubrique regroupe les annonces diverses : équipements spécifiques, objets insolites, articles de collection, matériel spécialisé et tout ce qui mérite une seconde vie. Parcourez régulièrement pour découvrir des trouvailles surprenantes.",
    "text_bottom": "La rubrique divers recèle parfois de véritables pépites : équipements professionnels, matériel scientifique, instruments de musique rares, pièces de collection. Gardez l'esprit ouvert et n'hésitez pas à contacter le vendeur pour plus de détails sur un article qui attire votre attention.",
    "keywords": "annonces diverses tunisie, objets variés, occasion tunisie, acheter vendre, articles divers"
  },
  {
    "id": 41,
    "libelle": "Chiens et chiot",
    "idCategorie": 15,
    "url": "chiens-et-chiot",
    "meta_title": "Chiens et Chiots à Vendre en Tunisie : Toutes Races | Ichri.net",
    "meta_description": "Chiens et chiots à vendre en Tunisie : berger allemand, husky, golden retriever et autres races. Trouvez votre compagnon chez des éleveurs particuliers.",
    "h1": "Chiens et Chiots à Vendre en Tunisie",
    "h2": "Adoptez Votre Compagnon à Quatre Pattes",
    "text_top": "Vous cherchez un fidèle compagnon ? Parcourez nos annonces de chiens et chiots à vendre en Tunisie : berger allemand, husky, golden retriever, labrador, bichon, pitbull et bien d'autres races. Des éleveurs particuliers proposent des chiots vaccinés et socialisés. Trouvez le chien qui correspond à votre mode de vie.",
    "text_bottom": "Conseils avant d'adopter un chien : évaluez le temps et l'espace que vous pouvez lui consacrer, renseignez-vous sur les besoins spécifiques de la race, prévoyez le budget alimentation et soins vétérinaires. Rencontrez le chiot et ses parents si possible, vérifiez le carnet de vaccination. Un chien est un engagement de 10 à 15 ans.",
    "keywords": "chien tunisie, chiot à vendre, adoption chien, berger allemand tunisie, acheter chiot"
  },
  {
    "id": 42,
    "libelle": "Chat et chattons",
    "idCategorie": 15,
    "url": "chat-et-chattons",
    "meta_title": "Chats et Chatons à Vendre en Tunisie : Persan, Siamois, Races | Ichri.net",
    "meta_description": "Chats et chatons à vendre en Tunisie : persan, siamois, british, sacré de Birmanie. Adoptez un chat de race ou croisé chez des particuliers.",
    "h1": "Chats et Chatons à Adopter en Tunisie",
    "h2": "Toutes Races de Félins Disponibles",
    "text_top": "Craquez pour un adorable félin. Découvrez nos annonces de chats et chatons en Tunisie : persans au pelage soyeux, siamois élégants, british shorthair, sacré de Birmanie et chats croisés. Des particuliers proposent des chatons sevrés, vaccinés et prêts à rejoindre leur nouvelle famille. Prix variables selon la race.",
    "text_bottom": "Bien préparer l'arrivée d'un chat : prévoyez litière, griffoir, gamelles et quelques jouets. Les chatons doivent être sevrés vers 8-12 semaines minimum. Vérifiez que le chaton est en bonne santé, vif et curieux. La stérilisation est recommandée pour éviter les portées non désirées et certains problèmes de santé.",
    "keywords": "chat tunisie, chaton à vendre, chat persan, siamois tunisie, adopter chat"
  },
  {
    "id": 43,
    "libelle": "Cheval",
    "idCategorie": 15,
    "url": "cheval",
    "meta_title": "Chevaux à Vendre en Tunisie : Pur-Sang, Barbe, Équitation | Ichri.net",
    "meta_description": "Chevaux et poneys à vendre en Tunisie : pur-sang arabe, barbe, chevaux de sport. Annonces pour cavaliers et éleveurs. Équipement équestre disponible.",
    "h1": "Chevaux à Vendre en Tunisie",
    "h2": "Équidés et Matériel Équestre",
    "text_top": "Passionné d'équitation ou éleveur ? Trouvez votre futur cheval sur Ichri : pur-sang arabes réputés pour leur endurance, chevaux barbes robustes, poneys pour les enfants, chevaux de sport pour la compétition. Des annonces de particuliers et éleveurs dans toute la Tunisie, ainsi que du matériel équestre.",
    "text_bottom": "L'achat d'un cheval est un engagement important. Faites examiner l'animal par un vétérinaire avant achat, vérifiez ses papiers et son historique, assurez-vous de disposer d'un hébergement adapté. Les frais d'entretien mensuels comprennent alimentation, soins vétérinaires, maréchalerie et pension éventuelle.",
    "keywords": "cheval tunisie, pur-sang arabe, cheval barbe, équitation tunisie, acheter cheval"
  },
  {
    "id": 44,
    "libelle": "Poissons",
    "idCategorie": 15,
    "url": "poissons",
    "meta_title": "Poissons d'Aquarium Tunisie : Tropicaux, Eau Douce, Bassins | Ichri.net",
    "meta_description": "Poissons d'aquarium en Tunisie : tropicaux, eau douce, carpes koï. Trouvez des poissons, aquariums et accessoires chez des aquariophiles tunisiens.",
    "h1": "Poissons et Aquariophilie en Tunisie",
    "h2": "Poissons Tropicaux et Équipements",
    "text_top": "L'aquariophilie est un hobby fascinant. Découvrez nos annonces de poissons d'aquarium en Tunisie : poissons tropicaux colorés, espèces d'eau douce, carpes koï pour bassins. Trouvez également des aquariums, filtres, pompes et accessoires d'occasion auprès d'aquariophiles passionnés qui renouvellent leur matériel.",
    "text_bottom": "Débuter en aquariophilie : commencez par un aquarium de taille moyenne plus facile à stabiliser, choisissez des espèces robustes et compatibles entre elles, respectez le cycle de l'azote avant d'introduire les poissons. Un aquarium bien entretenu demande peu de temps mais une attention régulière.",
    "keywords": "poisson aquarium tunisie, aquariophilie, poisson tropical, carpe koï, aquarium occasion"
  },
  {
    "id": 45,
    "libelle": "Reptiles",
    "idCategorie": 15,
    "url": "reptiles",
    "meta_title": "Reptiles à Vendre Tunisie : Tortues, Serpents, Lézards | Ichri.net",
    "meta_description": "Reptiles en Tunisie : tortues terrestres, serpents, lézards, geckos. Trouvez votre reptile et le terrarium adapté chez des éleveurs passionnés.",
    "h1": "Reptiles et Terrariums en Tunisie",
    "h2": "Tortues, Serpents et Lézards",
    "text_top": "Les reptiles fascinent de plus en plus d'amateurs. Consultez nos annonces de reptiles en Tunisie : tortues terrestres et aquatiques, serpents non venimeux, lézards, geckos et caméléons. Des éleveurs particuliers proposent des animaux nés en captivité et du matériel de terrariophilie adapté.",
    "text_bottom": "Avant d'adopter un reptile : informez-vous sur les besoins spécifiques de l'espèce en température, humidité et alimentation. Certains reptiles vivent plusieurs décennies. Vérifiez la réglementation en vigueur, certaines espèces sont protégées ou nécessitent des autorisations. Un terrarium bien équipé est indispensable au bien-être de l'animal.",
    "keywords": "reptile tunisie, tortue à vendre, serpent tunisie, terrarium, lézard gecko"
  },
  {
    "id": 46,
    "libelle": "Oiseaux",
    "idCategorie": 15,
    "url": "oiseaux",
    "meta_title": "Oiseaux à Vendre Tunisie : Canaris, Perruches, Perroquets | Ichri.net",
    "meta_description": "Oiseaux d'élevage en Tunisie : canaris chanteurs, perruches, perroquets, pigeons. Trouvez votre oiseau et les accessoires nécessaires chez des éleveurs.",
    "h1": "Oiseaux d'Élevage à Vendre en Tunisie",
    "h2": "Canaris, Perruches et Perroquets",
    "text_top": "Le chant d'un oiseau égaye n'importe quel foyer. Découvrez nos annonces d'oiseaux en Tunisie : canaris aux mélodies variées, perruches colorées, perroquets parleurs, pigeons d'ornement et autres espèces. Des éleveurs passionnés proposent des oiseaux élevés à la main et du matériel d'élevage.",
    "text_bottom": "Bien accueillir un oiseau : choisissez une cage suffisamment grande pour permettre le vol, placez-la à l'abri des courants d'air et de la lumière directe du soleil. Une alimentation variée avec graines, fruits et légumes frais assure une bonne santé. Certaines espèces comme les perroquets nécessitent beaucoup d'interaction sociale.",
    "keywords": "oiseau tunisie, canari à vendre, perruche, perroquet tunisie, cage oiseau"
  },
  {
    "id": 47,
    "libelle": "Animaux de compagnie",
    "idCategorie": 15,
    "url": "animaux-de-compagnie",
    "meta_title": "Animaux de Compagnie Tunisie : Adoption et Vente entre Particuliers | Ichri.net",
    "meta_description": "Animaux de compagnie en Tunisie : chiens, chats, rongeurs, oiseaux. Adoptez un animal ou trouvez un compagnon fidèle chez des particuliers.",
    "h1": "Animaux de Compagnie à Adopter en Tunisie",
    "h2": "Trouvez Votre Compagnon Idéal",
    "text_top": "Un animal de compagnie apporte joie et réconfort au quotidien. Parcourez nos annonces d'animaux disponibles en Tunisie : chiens et chats de toutes races, lapins, hamsters et cochons d'Inde, furets et autres NAC. Des particuliers cherchent à placer leurs animaux dans des familles aimantes, parfois gratuitement.",
    "text_bottom": "Adopter de manière responsable : chaque animal a des besoins spécifiques en espace, temps et budget. Réfléchissez à long terme car un animal vous accompagnera de nombreuses années. L'adoption plutôt que l'achat donne une seconde chance à des animaux abandonnés. Assurez-vous que toute la famille est prête à accueillir un nouveau membre.",
    "keywords": "animaux compagnie tunisie, adoption animal, acheter animal, NAC tunisie, animal domestique"
  },
  {
    "id": 48,
    "libelle": "Accessoires Animaux",
    "idCategorie": 15,
    "url": "accessoires-animaux",
    "meta_title": "Accessoires pour Animaux Tunisie : Cages, Niches, Alimentation | Ichri.net",
    "meta_description": "Accessoires et équipements pour animaux en Tunisie : cages, niches, alimentation, jouets. Tout pour le bien-être de votre animal à prix réduit.",
    "h1": "Accessoires et Équipements pour Animaux",
    "h2": "Tout pour Vos Compagnons",
    "text_top": "Équipez-vous pour le bien-être de votre animal. Trouvez sur Ichri tous les accessoires nécessaires : niches et paniers, cages et aquariums, laisses et colliers, gamelles et fontaines, jouets et arbres à chat. Du matériel neuf et occasion pour chiens, chats, oiseaux, rongeurs et autres animaux de compagnie.",
    "text_bottom": "Quels accessoires essentiels ? Pour un chien : laisse, collier, gamelle et panier. Pour un chat : litière, griffoir et arbre à chat. Pour les oiseaux : cage adaptée et accessoires de perchoir. L'occasion permet d'économiser sur les équipements coûteux comme les grands aquariums ou les niches isolées.",
    "keywords": "accessoires animaux tunisie, cage occasion, niche chien, équipement animal, alimentation animaux"
  },
  {
    "id": 49,
    "libelle": "Freelance",
    "idCategorie": 8,
    "url": "freelance",
    "meta_title": "Freelance Tunisie : Développeurs, Designers, Consultants Indépendants | Ichri.net",
    "meta_description": "Freelances en Tunisie : développeurs web, designers, rédacteurs, consultants. Trouvez un prestataire indépendant ou proposez vos services freelance.",
    "h1": "Freelances et Travailleurs Indépendants",
    "h2": "Prestations et Projets Web",
    "text_top": "Le freelancing offre flexibilité et opportunités. Trouvez des prestataires indépendants en Tunisie : développeurs web et mobile, designers graphiques, rédacteurs, community managers, traducteurs et consultants. Ou proposez vos propres services freelance à des entreprises et particuliers recherchant des compétences spécifiques.",
    "text_bottom": "Réussir en freelance : constituez un portfolio solide pour démontrer vos compétences, fixez des tarifs justes en fonction du marché, communiquez clairement sur les délais et livrables. Pour les clients, précisez bien votre cahier des charges et vérifiez les références du freelance. Une collaboration claire évite les malentendus.",
    "keywords": "freelance tunisie, développeur indépendant, designer freelance, prestataire web, travailleur indépendant"
  },
  {
    "id": 50,
    "libelle": "GPS voitures",
    "idCategorie": 1,
    "url": "gps-voitures",
    "meta_title": "GPS Voiture Tunisie : Navigation et Trackers Auto | Ichri.net",
    "meta_description": "GPS et systèmes de navigation pour voiture en Tunisie. Trouvez un GPS neuf ou occasion, trackers de localisation et accessoires de navigation.",
    "h1": "GPS et Navigation pour Voiture",
    "h2": "Systèmes de Guidage et Trackers Auto",
    "text_top": "Ne perdez plus votre chemin avec un bon GPS auto. Consultez nos annonces de GPS voiture en Tunisie : navigateurs portables Garmin ou TomTom, autoradios avec navigation intégrée, trackers GPS pour localiser votre véhicule. Des équipements neufs et occasion pour vous guider sur les routes tunisiennes et au-delà.",
    "text_bottom": "Comment choisir son GPS ? Les navigateurs portables sont faciles à installer et transférer d'un véhicule à l'autre. Les autoradios GPS intégrés offrent une solution plus élégante. Les trackers GPS sont utiles pour la sécurité antivol ou la gestion de flotte. Vérifiez que les cartes de Tunisie sont incluses et mises à jour.",
    "keywords": "gps voiture tunisie, navigation auto, tracker gps, garmin tunisie, autoradio gps"
  }
]
